{"tag": null, "backend": "sglang", "dataset_name": "random", "request_rate": Infinity, "max_concurrency": 32, "sharegpt_output_len": null, "random_input_len": 2048, "random_output_len": 512, "random_range_ratio": 0.0, "server_info": null, "duration": 34.04758448199982, "completed": 200, "total_input_tokens": 217693, "total_input_text_tokens": 217693, "total_input_vision_tokens": 0, "total_output_tokens": 49461, "total_output_tokens_retokenized": 48462, "request_throughput": 5.874131837626702, "input_throughput": 6393.786910642349, "output_throughput": 1452.7021741042715, "total_throughput": 7846.48908474662, "mean_e2e_latency_ms": 5053.23865172503, "median_e2e_latency_ms": 5003.662979999945, "std_e2e_latency_ms": 2000.9550220488893, "p90_e2e_latency_ms": 7853.567146299974, "p99_e2e_latency_ms": 9298.845543719894, "mean_ttft_ms": 1534.4606220600099, "median_ttft_ms": 1736.8609195000317, "std_ttft_ms": 517.5764239704182, "p99_ttft_ms": 2060.9552858801, "mean_tpot_ms": 14.599699110128968, "median_tpot_ms": 14.138723631337609, "std_tpot_ms": 2.9864710799986853, "p99_tpot_ms": 21.18951614019509, "mean_itl_ms": 14.285888354993828, "median_itl_ms": 14.315067500092482, "std_itl_ms": 4.046687003926051, "p95_itl_ms": 20.212917799972274, "p99_itl_ms": 26.81607295005051, "concurrency": 29.68339004722383, "accept_length": null, "max_output_tokens_per_s": 1569.0, "max_concurrent_requests": 45}
