{"tag": null, "backend": "sglang", "dataset_name": "random", "request_rate": Infinity, "max_concurrency": 32, "sharegpt_output_len": null, "random_input_len": 2048, "random_output_len": 512, "random_range_ratio": 0.0, "server_info": null, "duration": 35.30428890899975, "completed": 200, "total_input_tokens": 217693, "total_input_text_tokens": 217693, "total_input_vision_tokens": 0, "total_output_tokens": 49461, "total_output_tokens_retokenized": 49065, "request_throughput": 5.6650340845419525, "input_throughput": 6166.191324830956, "output_throughput": 1400.9912542776474, "total_throughput": 7567.182579108603, "mean_e2e_latency_ms": 5240.747039875, "median_e2e_latency_ms": 5162.378781500138, "std_e2e_latency_ms": 2047.8426572345215, "p90_e2e_latency_ms": 7951.999998700011, "p99_e2e_latency_ms": 10664.889181699791, "mean_ttft_ms": 1729.4201804200065, "median_ttft_ms": 1788.3280604999072, "std_ttft_ms": 308.320034841855, "p99_ttft_ms": 2119.9839998197554, "mean_tpot_ms": 14.694983883994599, "median_tpot_ms": 14.229606706289026, "std_tpot_ms": 2.874623423481685, "p99_tpot_ms": 21.381951916062174, "mean_itl_ms": 14.255568522269545, "median_itl_ms": 14.713945500034242, "std_itl_ms": 3.978700217657956, "p95_itl_ms": 19.715384549999726, "p99_itl_ms": 21.656912629814542, "concurrency": 29.689010609354217, "accept_length": null, "max_output_tokens_per_s": 1555.0, "max_concurrent_requests": 44}
