{"tag": null, "backend": "sglang", "dataset_name": "random", "request_rate": Infinity, "max_concurrency": 32, "sharegpt_output_len": null, "random_input_len": 2048, "random_output_len": 512, "random_range_ratio": 0.0, "server_info": null, "duration": 33.419685654000205, "completed": 200, "total_input_tokens": 217693, "total_input_text_tokens": 217693, "total_input_vision_tokens": 0, "total_output_tokens": 49461, "total_output_tokens_retokenized": 48688, "request_throughput": 5.984496744542563, "input_throughput": 6513.91524904852, "output_throughput": 1479.9959674090985, "total_throughput": 7993.911216457619, "mean_e2e_latency_ms": 4977.447872514999, "median_e2e_latency_ms": 4909.306742999661, "std_e2e_latency_ms": 2016.5547991378178, "p90_e2e_latency_ms": 7802.431445700358, "p99_e2e_latency_ms": 9137.504476420008, "mean_ttft_ms": 1409.7284469350097, "median_ttft_ms": 1587.2797805000118, "std_ttft_ms": 471.48025450975666, "p99_ttft_ms": 1973.692906780047, "mean_tpot_ms": 14.82085563885952, "median_tpot_ms": 14.593056535975354, "std_tpot_ms": 2.5686812991445716, "p99_tpot_ms": 20.697317201316444, "mean_itl_ms": 14.48485732558508, "median_itl_ms": 14.906694999808678, "std_itl_ms": 3.636890835973163, "p95_itl_ms": 19.499806700059708, "p99_itl_ms": 21.268497859746276, "concurrency": 29.787520589196316, "accept_length": null, "max_output_tokens_per_s": 1580.0, "max_concurrent_requests": 46}
