{"tag": null, "backend": "sglang", "dataset_name": "random", "request_rate": Infinity, "max_concurrency": 64, "sharegpt_output_len": null, "random_input_len": 8192, "random_output_len": 1024, "random_range_ratio": 0.0, "server_info": null, "duration": 176.43081642699963, "completed": 200, "total_input_tokens": 817757, "total_input_text_tokens": 817757, "total_input_vision_tokens": 0, "total_output_tokens": 99125, "total_output_tokens_retokenized": 99008, "request_throughput": 1.133588814303041, "input_throughput": 4635.00094009006, "output_throughput": 561.8349560889448, "total_throughput": 5196.8358961790045, "mean_e2e_latency_ms": 52368.46100287503, "median_e2e_latency_ms": 53765.55516799954, "std_e2e_latency_ms": 31895.92040009743, "p90_e2e_latency_ms": 94217.40901860013, "p99_e2e_latency_ms": 119593.42957581993, "mean_ttft_ms": 2500.3009501050155, "median_ttft_ms": 788.7083669997992, "std_ttft_ms": 2892.466926265633, "p99_ttft_ms": 10518.338180810142, "mean_tpot_ms": 100.2676236135138, "median_tpot_ms": 117.83150963170752, "std_tpot_ms": 31.093938961979557, "p99_tpot_ms": 121.64562586589044, "mean_itl_ms": 100.81946913777247, "median_itl_ms": 113.78235700021833, "std_itl_ms": 40.089956382710575, "p95_itl_ms": 134.02476230025968, "p99_itl_ms": 138.79209169967908, "concurrency": 59.36430161512415, "accept_length": null, "max_output_tokens_per_s": 1691.0, "max_concurrent_requests": 69}
