{"tag": null, "backend": "sglang", "dataset_name": "random", "request_rate": Infinity, "max_concurrency": 64, "sharegpt_output_len": null, "random_input_len": 8192, "random_output_len": 1024, "random_range_ratio": 0.0, "server_info": null, "duration": 184.4826563090005, "completed": 200, "total_input_tokens": 817757, "total_input_text_tokens": 817757, "total_input_vision_tokens": 0, "total_output_tokens": 99125, "total_output_tokens_retokenized": 96975, "request_throughput": 1.0841127507672517, "input_throughput": 4432.703953645877, "output_throughput": 537.3133820990191, "total_throughput": 4970.017335744896, "mean_e2e_latency_ms": 54849.703295480016, "median_e2e_latency_ms": 55965.57782150012, "std_e2e_latency_ms": 31640.856111264377, "p90_e2e_latency_ms": 97054.83375130006, "p99_e2e_latency_ms": 121035.01875025002, "mean_ttft_ms": 2081.3836995150064, "median_ttft_ms": 717.811883999957, "std_ttft_ms": 2313.4919444813813, "p99_ttft_ms": 7986.354008290011, "mean_tpot_ms": 107.23114491467851, "median_tpot_ms": 118.66420083901075, "std_tpot_ms": 24.975456232987188, "p99_tpot_ms": 125.63783425424823, "mean_itl_ms": 106.68211933978267, "median_itl_ms": 115.30568200032576, "std_itl_ms": 37.98857484071073, "p95_itl_ms": 134.2606270000033, "p99_itl_ms": 138.96775183980935, "concurrency": 59.46326271843043, "accept_length": null, "max_output_tokens_per_s": 1633.0, "max_concurrent_requests": 68}
