{"tag": null, "backend": "sglang", "dataset_name": "random", "request_rate": Infinity, "max_concurrency": 64, "sharegpt_output_len": null, "random_input_len": 8192, "random_output_len": 1024, "random_range_ratio": 0.0, "server_info": null, "duration": 178.82167223800025, "completed": 200, "total_input_tokens": 817757, "total_input_text_tokens": 817757, "total_input_vision_tokens": 0, "total_output_tokens": 99125, "total_output_tokens_retokenized": 96896, "request_throughput": 1.118432668126561, "input_throughput": 4573.030716945861, "output_throughput": 554.3231911402268, "total_throughput": 5127.353908086087, "mean_e2e_latency_ms": 53013.20171914496, "median_e2e_latency_ms": 51678.285908999445, "std_e2e_latency_ms": 31374.217294747916, "p90_e2e_latency_ms": 96075.38955060026, "p99_e2e_latency_ms": 118395.2076657197, "mean_ttft_ms": 2392.892744929991, "median_ttft_ms": 807.7991714994823, "std_ttft_ms": 2847.3287307281084, "p99_ttft_ms": 10181.992022569766, "mean_tpot_ms": 103.58784300006407, "median_tpot_ms": 118.17336302660428, "std_tpot_ms": 27.08579532944844, "p99_tpot_ms": 122.00818408862752, "mean_itl_ms": 102.33947169414199, "median_itl_ms": 114.48287800067192, "std_itl_ms": 38.949270724582334, "p95_itl_ms": 132.74845240011925, "p99_itl_ms": 137.70263659964257, "concurrency": 59.29169664467489, "accept_length": null, "max_output_tokens_per_s": 1709.0, "max_concurrent_requests": 68}
