{"tag": null, "backend": "sglang", "dataset_name": "random", "request_rate": Infinity, "max_concurrency": 16, "sharegpt_output_len": null, "random_input_len": 32768, "random_output_len": 1024, "random_range_ratio": 0.0, "server_info": null, "duration": 86.34515358899989, "completed": 100, "total_input_tokens": 1610113, "total_input_text_tokens": 1610113, "total_input_vision_tokens": 0, "total_output_tokens": 52444, "total_output_tokens_retokenized": 50473, "request_throughput": 1.1581425921829582, "input_throughput": 18647.404435274795, "output_throughput": 607.3763010444306, "total_throughput": 19254.780736319226, "mean_e2e_latency_ms": 12618.886748389968, "median_e2e_latency_ms": 12358.343310500004, "std_e2e_latency_ms": 4300.320213621706, "p90_e2e_latency_ms": 17909.964483900058, "p99_e2e_latency_ms": 21317.542256199715, "mean_ttft_ms": 6788.461535779979, "median_ttft_ms": 6551.853435500107, "std_ttft_ms": 2757.1691993853574, "p99_ttft_ms": 11969.427961779604, "mean_tpot_ms": 10.269010515151889, "median_tpot_ms": 10.747763891365246, "std_tpot_ms": 2.8311743293239204, "p99_tpot_ms": 13.649218981195002, "mean_itl_ms": 11.138347124216635, "median_itl_ms": 11.434739499691204, "std_itl_ms": 4.010711772386484, "p95_itl_ms": 14.89306169937663, "p99_itl_ms": 15.500633229967207, "concurrency": 14.61447020924354, "accept_length": null, "max_output_tokens_per_s": 1039.0, "max_concurrent_requests": 20}
