{"tag": null, "backend": "sglang", "dataset_name": "random", "request_rate": Infinity, "max_concurrency": 16, "sharegpt_output_len": null, "random_input_len": 32768, "random_output_len": 1024, "random_range_ratio": 0.0, "server_info": null, "duration": 86.71800246500061, "completed": 100, "total_input_tokens": 1610113, "total_input_text_tokens": 1610113, "total_input_vision_tokens": 0, "total_output_tokens": 52444, "total_output_tokens_retokenized": 51738, "request_throughput": 1.1531630936766561, "input_throughput": 18567.22888249002, "output_throughput": 604.7648528477856, "total_throughput": 19171.993735337805, "mean_e2e_latency_ms": 12694.601578050015, "median_e2e_latency_ms": 12263.123977000305, "std_e2e_latency_ms": 4308.535495224599, "p90_e2e_latency_ms": 18064.003885499827, "p99_e2e_latency_ms": 21155.576600979555, "mean_ttft_ms": 7038.400516499978, "median_ttft_ms": 6604.832445999818, "std_ttft_ms": 2733.2929622394827, "p99_ttft_ms": 12633.932039109626, "mean_tpot_ms": 10.005651579592591, "median_tpot_ms": 10.600576209341936, "std_tpot_ms": 2.6671913892504175, "p99_tpot_ms": 13.245135313764806, "mean_itl_ms": 10.805460307313298, "median_itl_ms": 11.199126000065007, "std_itl_ms": 3.9035380459623847, "p95_itl_ms": 14.6551604000706, "p99_itl_ms": 15.473812300024292, "concurrency": 14.638946028736717, "accept_length": null, "max_output_tokens_per_s": 952.0, "max_concurrent_requests": 20}
