{"tag": null, "backend": "sglang", "dataset_name": "random", "request_rate": Infinity, "max_concurrency": 16, "sharegpt_output_len": null, "random_input_len": 32768, "random_output_len": 1024, "random_range_ratio": 0.0, "server_info": null, "duration": 86.35906686599992, "completed": 100, "total_input_tokens": 1610113, "total_input_text_tokens": 1610113, "total_input_vision_tokens": 0, "total_output_tokens": 52444, "total_output_tokens_retokenized": 52174, "request_throughput": 1.1579560042626005, "input_throughput": 18644.400158912682, "output_throughput": 607.2784468754782, "total_throughput": 19251.67860578816, "mean_e2e_latency_ms": 12637.052362409968, "median_e2e_latency_ms": 12468.238752000616, "std_e2e_latency_ms": 4380.406729932456, "p90_e2e_latency_ms": 17974.90721569975, "p99_e2e_latency_ms": 21578.088142930126, "mean_ttft_ms": 6800.906770250031, "median_ttft_ms": 6602.829443500468, "std_ttft_ms": 2849.8075626436457, "p99_ttft_ms": 12242.981039130573, "mean_tpot_ms": 10.275145841117762, "median_tpot_ms": 10.768953243604322, "std_tpot_ms": 2.8563990520663665, "p99_tpot_ms": 13.604320145406431, "mean_itl_ms": 11.149238126318213, "median_itl_ms": 11.501665000196226, "std_itl_ms": 3.9904873312958857, "p95_itl_ms": 14.601477049745881, "p99_itl_ms": 15.142813250458856, "concurrency": 14.633150659233502, "accept_length": null, "max_output_tokens_per_s": 1016.0, "max_concurrent_requests": 21}
