{"tag": null, "backend": "sglang", "dataset_name": "random", "request_rate": Infinity, "max_concurrency": 128, "sharegpt_output_len": null, "random_input_len": 4096, "random_output_len": 512, "random_range_ratio": 0.0, "server_info": null, "duration": 59.57241271000021, "completed": 200, "total_input_tokens": 420445, "total_input_text_tokens": 420445, "total_input_vision_tokens": 0, "total_output_tokens": 49461, "total_output_tokens_retokenized": 49290, "request_throughput": 3.357258685720928, "input_throughput": 7057.713140589678, "output_throughput": 830.2668592722141, "total_throughput": 7887.979999861892, "mean_e2e_latency_ms": 30614.355542424975, "median_e2e_latency_ms": 29507.80389149986, "std_e2e_latency_ms": 16379.512492822876, "p90_e2e_latency_ms": 56474.408786500586, "p99_e2e_latency_ms": 57718.68537078026, "mean_ttft_ms": 3836.4016108499573, "median_ttft_ms": 3555.6174055004703, "std_ttft_ms": 2864.3346572116184, "p99_ttft_ms": 9199.767056100389, "mean_tpot_ms": 107.36912158018872, "median_tpot_ms": 119.86213380744523, "std_tpot_ms": 27.851283930049583, "p99_tpot_ms": 126.02556499501469, "mean_itl_ms": 108.71561709859722, "median_itl_ms": 116.6447009991316, "std_itl_ms": 37.31046057422088, "p95_itl_ms": 138.2982049999555, "p99_itl_ms": 155.7963896000729, "concurrency": 102.78031105255488, "accept_length": null, "max_output_tokens_per_s": 2191.0, "max_concurrent_requests": 135}
