{"tag": null, "backend": "sglang", "dataset_name": "random", "request_rate": Infinity, "max_concurrency": 128, "sharegpt_output_len": null, "random_input_len": 4096, "random_output_len": 512, "random_range_ratio": 0.0, "server_info": null, "duration": 58.62662290600019, "completed": 200, "total_input_tokens": 420445, "total_input_text_tokens": 420445, "total_input_vision_tokens": 0, "total_output_tokens": 49461, "total_output_tokens_retokenized": 45567, "request_throughput": 3.4114194215258276, "input_throughput": 7171.571193417132, "output_throughput": 843.6610800404447, "total_throughput": 8015.232273457577, "mean_e2e_latency_ms": 29466.966422344984, "median_e2e_latency_ms": 28324.625933999414, "std_e2e_latency_ms": 15756.322506173428, "p90_e2e_latency_ms": 54087.48462059993, "p99_e2e_latency_ms": 56600.898656289864, "mean_ttft_ms": 1541.2865754499808, "median_ttft_ms": 1809.5185930001207, "std_ttft_ms": 809.3193400356129, "p99_ttft_ms": 2573.1320504994983, "mean_tpot_ms": 114.03484561319738, "median_tpot_ms": 119.80628893654008, "std_tpot_ms": 17.38687110594534, "p99_tpot_ms": 124.49678359487204, "mean_itl_ms": 113.38280303156854, "median_itl_ms": 117.14156900006856, "std_itl_ms": 27.95253275800282, "p95_itl_ms": 135.2032932000384, "p99_itl_ms": 139.7131461103436, "concurrency": 100.52418154663711, "accept_length": null, "max_output_tokens_per_s": 1358.0, "max_concurrent_requests": 133}
