{"tag": null, "backend": "sglang", "dataset_name": "random", "request_rate": Infinity, "max_concurrency": 128, "sharegpt_output_len": null, "random_input_len": 4096, "random_output_len": 512, "random_range_ratio": 0.0, "server_info": null, "duration": 59.13200981099999, "completed": 200, "total_input_tokens": 420445, "total_input_text_tokens": 420445, "total_input_vision_tokens": 0, "total_output_tokens": 49461, "total_output_tokens_retokenized": 48340, "request_throughput": 3.38226284949975, "input_throughput": 7110.277518789612, "output_throughput": 836.4505139955357, "total_throughput": 7946.728032785148, "mean_e2e_latency_ms": 29596.57704475998, "median_e2e_latency_ms": 28991.688591000184, "std_e2e_latency_ms": 16004.917425837944, "p90_e2e_latency_ms": 54195.83557040005, "p99_e2e_latency_ms": 57167.48088657986, "mean_ttft_ms": 1336.7647304249704, "median_ttft_ms": 1461.469371500698, "std_ttft_ms": 663.7471876314828, "p99_ttft_ms": 2315.0988185996625, "mean_tpot_ms": 114.85706987839973, "median_tpot_ms": 121.08672460544031, "std_tpot_ms": 20.082401249212257, "p99_tpot_ms": 126.37492519693808, "mean_itl_ms": 114.73247835991967, "median_itl_ms": 117.05331000030128, "std_itl_ms": 37.02862000162774, "p95_itl_ms": 137.6670319996265, "p99_itl_ms": 151.51116300021388, "concurrency": 100.10340301084878, "accept_length": null, "max_output_tokens_per_s": 1260.0, "max_concurrent_requests": 134}
