{"tag": null, "backend": "sglang", "dataset_name": "random", "request_rate": Infinity, "max_concurrency": 8, "sharegpt_output_len": null, "random_input_len": 2048, "random_output_len": 256, "random_range_ratio": 0.0, "server_info": null, "duration": 5.031387654000355, "completed": 15, "total_input_tokens": 15851, "total_input_text_tokens": 15851, "total_input_vision_tokens": 0, "total_output_tokens": 2417, "total_output_tokens_retokenized": 2407, "request_throughput": 2.98128489226502, "input_throughput": 3150.4231218195223, "output_throughput": 480.38437230697025, "total_throughput": 3630.8074941264927, "mean_e2e_latency_ms": 2321.9440391333287, "median_e2e_latency_ms": 2305.1469450001605, "std_e2e_latency_ms": 666.0210508816218, "p90_e2e_latency_ms": 3223.415839399877, "p99_e2e_latency_ms": 3625.8782795602287, "mean_ttft_ms": 768.3535542000149, "median_ttft_ms": 1116.8573540003308, "std_ttft_ms": 426.67475203325483, "p99_ttft_ms": 1223.9800470998398, "mean_tpot_ms": 10.014517177432763, "median_tpot_ms": 9.70533758547009, "std_tpot_ms": 0.9501072742505154, "p99_tpot_ms": 12.510023177201036, "mean_itl_ms": 9.700759503330369, "median_itl_ms": 9.386841499917864, "std_itl_ms": 5.543343425793806, "p95_itl_ms": 10.267604699720321, "p99_itl_ms": 14.5013607099645, "concurrency": 6.922376684553012, "accept_length": null, "max_output_tokens_per_s": 754.0, "max_concurrent_requests": 12}
