{"tag": null, "backend": "sglang", "dataset_name": "random", "request_rate": Infinity, "max_concurrency": 32, "sharegpt_output_len": null, "random_input_len": 2048, "random_output_len": 512, "random_range_ratio": 0.0, "server_info": null, "duration": 29.82165582599987, "completed": 200, "total_input_tokens": 217693, "total_input_text_tokens": 217693, "total_input_vision_tokens": 0, "total_output_tokens": 49461, "total_output_tokens_retokenized": 48120, "request_throughput": 6.706535719107554, "input_throughput": 7299.829401498403, "output_throughput": 1658.5598160138936, "total_throughput": 8958.389217512296, "mean_e2e_latency_ms": 4324.339015340002, "median_e2e_latency_ms": 4114.343234499984, "std_e2e_latency_ms": 2087.297327609298, "p90_e2e_latency_ms": 7417.653405000101, "p99_e2e_latency_ms": 8373.875533629984, "mean_ttft_ms": 717.1920223549989, "median_ttft_ms": 567.4656469999491, "std_ttft_ms": 398.15248430599064, "p99_ttft_ms": 1484.3566106100684, "mean_tpot_ms": 14.745825124091958, "median_tpot_ms": 14.957527736573756, "std_tpot_ms": 2.3899922241772864, "p99_tpot_ms": 19.494332323998805, "mean_itl_ms": 14.644988123647558, "median_itl_ms": 15.10729500000707, "std_itl_ms": 4.169659550514008, "p95_itl_ms": 20.549941999888688, "p99_itl_ms": 25.255853800035776, "concurrency": 29.001334067908115, "accept_length": null, "max_output_tokens_per_s": 2843.0, "max_concurrent_requests": 45}
