{"tag": null, "backend": "sglang", "dataset_name": "random", "request_rate": Infinity, "max_concurrency": 32, "sharegpt_output_len": null, "random_input_len": 2048, "random_output_len": 512, "random_range_ratio": 0.0, "server_info": null, "duration": 29.925547772000073, "completed": 200, "total_input_tokens": 217693, "total_input_text_tokens": 217693, "total_input_vision_tokens": 0, "total_output_tokens": 49461, "total_output_tokens_retokenized": 48177, "request_throughput": 6.683252768630374, "input_throughput": 7274.48672480726, "output_throughput": 1652.8018259461346, "total_throughput": 8927.288550753394, "mean_e2e_latency_ms": 4313.472487225014, "median_e2e_latency_ms": 4176.680915499901, "std_e2e_latency_ms": 2119.6862096391123, "p90_e2e_latency_ms": 7258.725274299945, "p99_e2e_latency_ms": 9118.723490940132, "mean_ttft_ms": 742.7097413150034, "median_ttft_ms": 614.9039689998972, "std_ttft_ms": 417.879340346099, "p99_ttft_ms": 1735.096383230043, "mean_tpot_ms": 14.647370447347662, "median_tpot_ms": 14.712803363329009, "std_tpot_ms": 1.6438823757492256, "p99_tpot_ms": 19.33439470379842, "mean_itl_ms": 14.497240527983568, "median_itl_ms": 14.82937899982062, "std_itl_ms": 4.213061696952534, "p95_itl_ms": 20.06696400007968, "p99_itl_ms": 22.335251600088686, "concurrency": 28.82802694265752, "accept_length": null, "max_output_tokens_per_s": 2495.0, "max_concurrent_requests": 45}
