{"tag": null, "backend": "sglang", "dataset_name": "random", "request_rate": Infinity, "max_concurrency": 32, "sharegpt_output_len": null, "random_input_len": 2048, "random_output_len": 512, "random_range_ratio": 0.0, "server_info": null, "duration": 35.23350983799992, "completed": 200, "total_input_tokens": 217693, "total_input_text_tokens": 217693, "total_input_vision_tokens": 0, "total_output_tokens": 49461, "total_output_tokens_retokenized": 48526, "request_throughput": 5.67641432600895, "input_throughput": 6178.5783193593315, "output_throughput": 1403.8056448936434, "total_throughput": 7582.383964252975, "mean_e2e_latency_ms": 5285.383179039992, "median_e2e_latency_ms": 5236.684030999982, "std_e2e_latency_ms": 1990.5672863361222, "p90_e2e_latency_ms": 7996.334813399834, "p99_e2e_latency_ms": 9528.938203280119, "mean_ttft_ms": 1741.7293725849925, "median_ttft_ms": 1948.4670169998708, "std_ttft_ms": 675.0153481986341, "p99_ttft_ms": 2606.887726939899, "mean_tpot_ms": 14.783592348241909, "median_tpot_ms": 13.895006786826585, "std_tpot_ms": 4.116944351628857, "p99_tpot_ms": 25.921358867216604, "mean_itl_ms": 14.387162552404533, "median_itl_ms": 13.577936000046975, "std_itl_ms": 5.858685536291698, "p95_itl_ms": 26.44778200010478, "p99_itl_ms": 35.286441400103286, "concurrency": 30.002024795949335, "accept_length": null, "max_output_tokens_per_s": 1550.0, "max_concurrent_requests": 48}
