{"tag": null, "backend": "sglang", "dataset_name": "random", "request_rate": Infinity, "max_concurrency": 32, "sharegpt_output_len": null, "random_input_len": 2048, "random_output_len": 512, "random_range_ratio": 0.0, "server_info": null, "duration": 26.892577562000042, "completed": 200, "total_input_tokens": 217693, "total_input_text_tokens": 217693, "total_input_vision_tokens": 0, "total_output_tokens": 49461, "total_output_tokens_retokenized": 49238, "request_throughput": 7.436996306468055, "input_throughput": 8094.910184719752, "output_throughput": 1839.2063715710824, "total_throughput": 9934.116556290834, "mean_e2e_latency_ms": 3829.5044467750267, "median_e2e_latency_ms": 3649.078332499812, "std_e2e_latency_ms": 2055.511761182289, "p90_e2e_latency_ms": 6838.826371299728, "p99_e2e_latency_ms": 7613.947296690011, "mean_ttft_ms": 227.1282619650492, "median_ttft_ms": 212.01458650057248, "std_ttft_ms": 74.3740421638305, "p99_ttft_ms": 362.40542365039784, "mean_tpot_ms": 14.653794112931028, "median_tpot_ms": 14.892600419419677, "std_tpot_ms": 0.8975926125807193, "p99_tpot_ms": 15.647339665833895, "mean_itl_ms": 14.62479838760881, "median_itl_ms": 14.866190000248025, "std_itl_ms": 1.7080702920635897, "p95_itl_ms": 15.784036000695778, "p99_itl_ms": 16.505811600291054, "concurrency": 28.480010426268866, "accept_length": null, "max_output_tokens_per_s": 2187.0, "max_concurrent_requests": 44}
