{"tag": null, "backend": "sglang", "dataset_name": "random", "request_rate": Infinity, "max_concurrency": 32, "sharegpt_output_len": null, "random_input_len": 2048, "random_output_len": 512, "random_range_ratio": 0.0, "server_info": null, "duration": 27.0581629419994, "completed": 200, "total_input_tokens": 217693, "total_input_text_tokens": 217693, "total_input_vision_tokens": 0, "total_output_tokens": 49461, "total_output_tokens_retokenized": 48935, "request_throughput": 7.391484796240992, "input_throughput": 8045.372498740452, "output_throughput": 1827.9511475343786, "total_throughput": 9873.32364627483, "mean_e2e_latency_ms": 3840.7035327200038, "median_e2e_latency_ms": 3621.431166000093, "std_e2e_latency_ms": 2060.6821044291505, "p90_e2e_latency_ms": 6862.112942599742, "p99_e2e_latency_ms": 7663.688498599686, "mean_ttft_ms": 230.47437507002087, "median_ttft_ms": 218.77252350031995, "std_ttft_ms": 78.20402573107316, "p99_ttft_ms": 395.0642009400144, "mean_tpot_ms": 14.699569244996828, "median_tpot_ms": 14.939217444745106, "std_tpot_ms": 0.767960604631307, "p99_tpot_ms": 15.797473903930774, "mean_itl_ms": 14.656613026938112, "median_itl_ms": 14.89843200033647, "std_itl_ms": 1.7153216472528394, "p95_itl_ms": 15.858656000091287, "p99_itl_ms": 16.436256199813215, "concurrency": 28.388501768968975, "accept_length": null, "max_output_tokens_per_s": 2199.0, "max_concurrent_requests": 44}
