{"tag": null, "backend": "sglang", "dataset_name": "random", "request_rate": Infinity, "max_concurrency": 32, "sharegpt_output_len": null, "random_input_len": 2048, "random_output_len": 512, "random_range_ratio": 0.0, "server_info": null, "duration": 29.721004011999867, "completed": 200, "total_input_tokens": 217693, "total_input_text_tokens": 217693, "total_input_vision_tokens": 0, "total_output_tokens": 49461, "total_output_tokens_retokenized": 48782, "request_throughput": 6.729247771012377, "input_throughput": 7324.550675074986, "output_throughput": 1664.1766200102159, "total_throughput": 8988.727295085202, "mean_e2e_latency_ms": 4265.823365755009, "median_e2e_latency_ms": 4115.693783000552, "std_e2e_latency_ms": 2167.2809351957185, "p90_e2e_latency_ms": 7253.242186199259, "p99_e2e_latency_ms": 9553.909991840028, "mean_ttft_ms": 644.3652726500204, "median_ttft_ms": 397.13872199990874, "std_ttft_ms": 610.6014668857134, "p99_ttft_ms": 2025.619153590087, "mean_tpot_ms": 14.86980185524307, "median_tpot_ms": 14.847261187143458, "std_tpot_ms": 1.930516022825765, "p99_tpot_ms": 21.520845061099394, "mean_itl_ms": 14.702194046405829, "median_itl_ms": 14.924666000297293, "std_itl_ms": 4.439663840090838, "p95_itl_ms": 16.04178999969008, "p99_itl_ms": 17.57297600015591, "concurrency": 28.705782375539407, "accept_length": null, "max_output_tokens_per_s": 2186.0, "max_concurrent_requests": 45}
