{"tag": null, "backend": "sglang", "dataset_name": "random", "request_rate": Infinity, "max_concurrency": 64, "sharegpt_output_len": null, "random_input_len": 8192, "random_output_len": 1024, "random_range_ratio": 0.0, "server_info": null, "duration": 178.52317486399988, "completed": 200, "total_input_tokens": 817757, "total_input_text_tokens": 817757, "total_input_vision_tokens": 0, "total_output_tokens": 99125, "total_output_tokens_retokenized": 97758, "request_throughput": 1.120302729056669, "input_throughput": 4580.676994025972, "output_throughput": 555.2500400887116, "total_throughput": 5135.927034114684, "mean_e2e_latency_ms": 53031.275204530015, "median_e2e_latency_ms": 51679.17277050015, "std_e2e_latency_ms": 31711.04879203566, "p90_e2e_latency_ms": 94886.72095139996, "p99_e2e_latency_ms": 120104.15566595015, "mean_ttft_ms": 2444.834477305037, "median_ttft_ms": 798.9155094999205, "std_ttft_ms": 2763.6661039496153, "p99_ttft_ms": 9565.577577839913, "mean_tpot_ms": 102.58658186123448, "median_tpot_ms": 118.571063239064, "std_tpot_ms": 29.499461842600596, "p99_tpot_ms": 122.29476488311846, "mean_itl_ms": 102.27273562961467, "median_itl_ms": 116.34499699994194, "std_itl_ms": 39.60317933015626, "p95_itl_ms": 132.57272409985035, "p99_itl_ms": 136.32957849991274, "concurrency": 59.41108233699023, "accept_length": null, "max_output_tokens_per_s": 1734.0, "max_concurrent_requests": 68}
