{"tag": null, "backend": "sglang", "dataset_name": "random", "request_rate": Infinity, "max_concurrency": 64, "sharegpt_output_len": null, "random_input_len": 8192, "random_output_len": 1024, "random_range_ratio": 0.0, "server_info": null, "duration": 186.64790222200008, "completed": 200, "total_input_tokens": 817757, "total_input_text_tokens": 817757, "total_input_vision_tokens": 0, "total_output_tokens": 99125, "total_output_tokens_retokenized": 96693, "request_throughput": 1.0715362863393925, "input_throughput": 4381.281494540212, "output_throughput": 531.0801719169614, "total_throughput": 4912.361666457174, "mean_e2e_latency_ms": 55350.902731895, "median_e2e_latency_ms": 56415.974582499985, "std_e2e_latency_ms": 31435.88450240207, "p90_e2e_latency_ms": 97236.3578661003, "p99_e2e_latency_ms": 120758.26237361996, "mean_ttft_ms": 2054.258760960008, "median_ttft_ms": 717.8243119999479, "std_ttft_ms": 2247.5522037185124, "p99_ttft_ms": 8436.126245030046, "mean_tpot_ms": 108.0569348079846, "median_tpot_ms": 118.66477270467674, "std_tpot_ms": 23.34722828341078, "p99_tpot_ms": 123.38223778136765, "mean_itl_ms": 107.75106131174122, "median_itl_ms": 116.241195999919, "std_itl_ms": 35.980024400442915, "p95_itl_ms": 132.818655400024, "p99_itl_ms": 137.17445363998195, "concurrency": 59.310500758867704, "accept_length": null, "max_output_tokens_per_s": 1557.0, "max_concurrent_requests": 68}
