{"tag": null, "backend": "sglang", "dataset_name": "random", "request_rate": Infinity, "max_concurrency": 64, "sharegpt_output_len": null, "random_input_len": 8192, "random_output_len": 1024, "random_range_ratio": 0.0, "server_info": null, "duration": 182.7696514119998, "completed": 200, "total_input_tokens": 817757, "total_input_text_tokens": 817757, "total_input_vision_tokens": 0, "total_output_tokens": 99125, "total_output_tokens_retokenized": 97622, "request_throughput": 1.094273575809145, "input_throughput": 4474.249382664795, "output_throughput": 542.3493410104076, "total_throughput": 5016.5987236752035, "mean_e2e_latency_ms": 54060.926671295, "median_e2e_latency_ms": 55638.923729, "std_e2e_latency_ms": 31110.00872481079, "p90_e2e_latency_ms": 96004.90906299997, "p99_e2e_latency_ms": 119999.26003437005, "mean_ttft_ms": 2283.3269227250003, "median_ttft_ms": 730.564137500096, "std_ttft_ms": 2782.4103952983223, "p99_ttft_ms": 10159.347712970102, "mean_tpot_ms": 106.0479973123401, "median_tpot_ms": 119.08402840446219, "std_tpot_ms": 25.656709036488973, "p99_tpot_ms": 122.68123132033712, "mean_itl_ms": 104.67994125001766, "median_itl_ms": 116.6357170000083, "std_itl_ms": 37.604028499452326, "p95_itl_ms": 132.248606399844, "p99_itl_ms": 136.60417504002905, "concurrency": 59.15744354015397, "accept_length": null, "max_output_tokens_per_s": 1590.0, "max_concurrent_requests": 69}
