{"tag": null, "backend": "sglang", "dataset_name": "random", "request_rate": Infinity, "max_concurrency": 64, "sharegpt_output_len": null, "random_input_len": 8192, "random_output_len": 1024, "random_range_ratio": 0.0, "server_info": null, "duration": 125.36277243799941, "completed": 200, "total_input_tokens": 817757, "total_input_text_tokens": 817757, "total_input_vision_tokens": 0, "total_output_tokens": 99125, "total_output_tokens_retokenized": 98775, "request_throughput": 1.5953699500297338, "input_throughput": 6523.124721132325, "output_throughput": 790.7052314834867, "total_throughput": 7313.829952615812, "mean_e2e_latency_ms": 36638.748254919985, "median_e2e_latency_ms": 36675.73238099976, "std_e2e_latency_ms": 21835.267938117315, "p90_e2e_latency_ms": 64697.52721419954, "p99_e2e_latency_ms": 86018.16496357007, "mean_ttft_ms": 2394.114324314992, "median_ttft_ms": 747.8317629997946, "std_ttft_ms": 2858.091275353866, "p99_ttft_ms": 9772.27629748994, "mean_tpot_ms": 68.81061463459437, "median_tpot_ms": 79.62490846322717, "std_tpot_ms": 19.86876719100527, "p99_tpot_ms": 82.14504201577394, "mean_itl_ms": 69.23328610700145, "median_itl_ms": 79.42880000018704, "std_itl_ms": 24.991940295493038, "p95_itl_ms": 82.04434585045419, "p99_itl_ms": 84.02779989023658, "concurrency": 58.452357972603686, "accept_length": null, "max_output_tokens_per_s": 2014.0, "max_concurrent_requests": 69}
