{"tag": null, "backend": "sglang", "dataset_name": "random", "request_rate": Infinity, "max_concurrency": 64, "sharegpt_output_len": null, "random_input_len": 8192, "random_output_len": 1024, "random_range_ratio": 0.0, "server_info": null, "duration": 126.29561438200017, "completed": 200, "total_input_tokens": 817757, "total_input_text_tokens": 817757, "total_input_vision_tokens": 0, "total_output_tokens": 99125, "total_output_tokens_retokenized": 98117, "request_throughput": 1.5835862629011788, "input_throughput": 6474.9437579563955, "output_throughput": 784.8649415503967, "total_throughput": 7259.808699506792, "mean_e2e_latency_ms": 36837.32253180998, "median_e2e_latency_ms": 37837.04649050014, "std_e2e_latency_ms": 21333.641028090868, "p90_e2e_latency_ms": 64862.792417499535, "p99_e2e_latency_ms": 83148.33445614955, "mean_ttft_ms": 2103.800254889952, "median_ttft_ms": 690.7653540001775, "std_ttft_ms": 2563.0003643514265, "p99_ttft_ms": 8842.102459340835, "mean_tpot_ms": 69.83904907680541, "median_tpot_ms": 79.07094524441848, "std_tpot_ms": 18.072594923163226, "p99_tpot_ms": 81.93227885286107, "mean_itl_ms": 70.22101567087181, "median_itl_ms": 79.10454199918604, "std_itl_ms": 23.5810829570604, "p95_itl_ms": 81.67248680019839, "p99_itl_ms": 83.63406871947518, "concurrency": 58.335077923434355, "accept_length": null, "max_output_tokens_per_s": 1681.0, "max_concurrent_requests": 69}
