{"tag": null, "backend": "sglang", "dataset_name": "random", "request_rate": Infinity, "max_concurrency": 64, "sharegpt_output_len": null, "random_input_len": 8192, "random_output_len": 1024, "random_range_ratio": 0.0, "server_info": null, "duration": 128.08712865500001, "completed": 200, "total_input_tokens": 817757, "total_input_text_tokens": 817757, "total_input_vision_tokens": 0, "total_output_tokens": 99125, "total_output_tokens_retokenized": 95799, "request_throughput": 1.561437141265738, "input_throughput": 6384.38076165023, "output_throughput": 773.8872831398313, "total_throughput": 7158.268044790061, "mean_e2e_latency_ms": 37457.37699323998, "median_e2e_latency_ms": 37568.343638499755, "std_e2e_latency_ms": 21587.676160342024, "p90_e2e_latency_ms": 66151.8702960001, "p99_e2e_latency_ms": 82988.98253969029, "mean_ttft_ms": 1925.6634725349659, "median_ttft_ms": 595.98558100015, "std_ttft_ms": 2339.7113806523307, "p99_ttft_ms": 7853.648730360192, "mean_tpot_ms": 71.36950653204974, "median_tpot_ms": 79.57457896142745, "std_tpot_ms": 16.61880411348501, "p99_tpot_ms": 82.09276423375474, "mean_itl_ms": 71.83467659301489, "median_itl_ms": 79.17296899995563, "std_itl_ms": 26.009327752574034, "p95_itl_ms": 81.93761659949814, "p99_itl_ms": 83.51552727952365, "concurrency": 58.487339651637654, "accept_length": null, "max_output_tokens_per_s": 1709.0, "max_concurrent_requests": 70}
