{"tag": null, "backend": "sglang", "dataset_name": "random", "request_rate": Infinity, "max_concurrency": 16, "sharegpt_output_len": null, "random_input_len": 32768, "random_output_len": 1024, "random_range_ratio": 0.0, "server_info": null, "duration": 86.26558534900005, "completed": 100, "total_input_tokens": 1610113, "total_input_text_tokens": 1610113, "total_input_vision_tokens": 0, "total_output_tokens": 52444, "total_output_tokens_retokenized": 52101, "request_throughput": 1.159210820809195, "input_throughput": 18664.60412325555, "output_throughput": 607.9365228651742, "total_throughput": 19272.540646120724, "mean_e2e_latency_ms": 12604.388130139987, "median_e2e_latency_ms": 12490.979999499814, "std_e2e_latency_ms": 4337.862476914097, "p90_e2e_latency_ms": 17792.321054900003, "p99_e2e_latency_ms": 21344.244993130098, "mean_ttft_ms": 6799.821196069988, "median_ttft_ms": 6664.578777500083, "std_ttft_ms": 2864.9560370159784, "p99_ttft_ms": 11920.502475099927, "mean_tpot_ms": 10.206582583303506, "median_tpot_ms": 10.754934083968307, "std_tpot_ms": 2.8094605217181554, "p99_tpot_ms": 13.56605580271576, "mean_itl_ms": 11.089027152873332, "median_itl_ms": 11.44355400015229, "std_itl_ms": 3.803045378490682, "p95_itl_ms": 14.42185984972184, "p99_itl_ms": 15.078086190083013, "concurrency": 14.611143110137247, "accept_length": null, "max_output_tokens_per_s": 1048.0, "max_concurrent_requests": 20}
