{"tag": null, "backend": "sglang", "dataset_name": "random", "request_rate": Infinity, "max_concurrency": 16, "sharegpt_output_len": null, "random_input_len": 32768, "random_output_len": 1024, "random_range_ratio": 0.0, "server_info": null, "duration": 85.73462608199998, "completed": 100, "total_input_tokens": 1610113, "total_input_text_tokens": 1610113, "total_input_vision_tokens": 0, "total_output_tokens": 52444, "total_output_tokens_retokenized": 52437, "request_throughput": 1.1663898773449604, "input_throughput": 18780.195045815264, "output_throughput": 611.7015072747911, "total_throughput": 19391.896553090053, "mean_e2e_latency_ms": 12529.539155890006, "median_e2e_latency_ms": 12533.03760499989, "std_e2e_latency_ms": 4367.3223890042755, "p90_e2e_latency_ms": 17991.26620209977, "p99_e2e_latency_ms": 21088.20203618011, "mean_ttft_ms": 6863.718315650008, "median_ttft_ms": 6734.970206000071, "std_ttft_ms": 2889.2492494484386, "p99_ttft_ms": 11881.906892840341, "mean_tpot_ms": 9.988450929038933, "median_tpot_ms": 10.646112120244151, "std_tpot_ms": 2.6726870167588195, "p99_tpot_ms": 13.002601345595727, "mean_itl_ms": 10.823960480914765, "median_itl_ms": 11.300601499669938, "std_itl_ms": 3.797997214344138, "p95_itl_ms": 14.114808400086076, "p99_itl_ms": 14.745518309982799, "concurrency": 14.614327639227424, "accept_length": null, "max_output_tokens_per_s": 942.0, "max_concurrent_requests": 20}
