{"tag": null, "backend": "sglang", "dataset_name": "random", "request_rate": Infinity, "max_concurrency": 16, "sharegpt_output_len": null, "random_input_len": 32768, "random_output_len": 1024, "random_range_ratio": 0.0, "server_info": null, "duration": 85.75657610200005, "completed": 100, "total_input_tokens": 1610113, "total_input_text_tokens": 1610113, "total_input_vision_tokens": 0, "total_output_tokens": 52444, "total_output_tokens_retokenized": 52435, "request_throughput": 1.1660913313640067, "input_throughput": 18775.38811816495, "output_throughput": 611.5449378205396, "total_throughput": 19386.93305598549, "mean_e2e_latency_ms": 12546.997724409988, "median_e2e_latency_ms": 12250.212713499877, "std_e2e_latency_ms": 4340.040690778653, "p90_e2e_latency_ms": 17901.051477299916, "p99_e2e_latency_ms": 21051.92091841985, "mean_ttft_ms": 6804.284234199968, "median_ttft_ms": 6647.328744499873, "std_ttft_ms": 2766.154033135442, "p99_ttft_ms": 11932.711279220177, "mean_tpot_ms": 10.087949016623941, "median_tpot_ms": 10.661974853829918, "std_tpot_ms": 2.7922346262211577, "p99_tpot_ms": 13.760622217574383, "mean_itl_ms": 10.970893592809182, "median_itl_ms": 11.34615149999263, "std_itl_ms": 3.927953958635018, "p95_itl_ms": 14.678147200061176, "p99_itl_ms": 15.15343091007253, "concurrency": 14.630945281078406, "accept_length": null, "max_output_tokens_per_s": 961.0, "max_concurrent_requests": 21}
