{"tag": null, "backend": "sglang", "dataset_name": "random", "request_rate": Infinity, "max_concurrency": 16, "sharegpt_output_len": null, "random_input_len": 32768, "random_output_len": 1024, "random_range_ratio": 0.0, "server_info": null, "duration": 85.7607319409999, "completed": 100, "total_input_tokens": 1610113, "total_input_text_tokens": 1610113, "total_input_vision_tokens": 0, "total_output_tokens": 52444, "total_output_tokens_retokenized": 52417, "request_throughput": 1.1660348242922667, "input_throughput": 18774.478290456944, "output_throughput": 611.5153032518363, "total_throughput": 19385.99359370878, "mean_e2e_latency_ms": 12534.10872685, "median_e2e_latency_ms": 12470.899554999505, "std_e2e_latency_ms": 4218.504988041451, "p90_e2e_latency_ms": 17662.491823700566, "p99_e2e_latency_ms": 20961.179339579314, "mean_ttft_ms": 6885.128831530028, "median_ttft_ms": 6432.629934500255, "std_ttft_ms": 2746.9387302554705, "p99_ttft_ms": 11951.079720109305, "mean_tpot_ms": 10.125449128120323, "median_tpot_ms": 10.499677668747847, "std_tpot_ms": 2.51842294459678, "p99_tpot_ms": 13.275210587628505, "mean_itl_ms": 10.791453113040648, "median_itl_ms": 11.16512549970139, "std_itl_ms": 3.7511710042919058, "p95_itl_ms": 14.38157250045151, "p99_itl_ms": 14.864010549963496, "concurrency": 14.615207266972705, "accept_length": null, "max_output_tokens_per_s": 970.0, "max_concurrent_requests": 22}
