{"tag": null, "backend": "sglang", "dataset_name": "random", "request_rate": Infinity, "max_concurrency": 16, "sharegpt_output_len": null, "random_input_len": 32768, "random_output_len": 1024, "random_range_ratio": 0.0, "server_info": null, "duration": 85.53833480899993, "completed": 100, "total_input_tokens": 1610113, "total_input_text_tokens": 1610113, "total_input_vision_tokens": 0, "total_output_tokens": 52444, "total_output_tokens_retokenized": 51777, "request_throughput": 1.1690664802312527, "input_throughput": 18823.29137684583, "output_throughput": 613.1052248924782, "total_throughput": 19436.39660173831, "mean_e2e_latency_ms": 12507.889798830029, "median_e2e_latency_ms": 12922.008604999974, "std_e2e_latency_ms": 4323.747581180268, "p90_e2e_latency_ms": 17750.167694899486, "p99_e2e_latency_ms": 20921.3486199593, "mean_ttft_ms": 6885.405627970013, "median_ttft_ms": 6467.008129499845, "std_ttft_ms": 2767.0913562886853, "p99_ttft_ms": 11961.213481140177, "mean_tpot_ms": 10.139786728258905, "median_tpot_ms": 10.533132960505165, "std_tpot_ms": 2.2062071927928493, "p99_tpot_ms": 12.627609034419136, "mean_itl_ms": 10.740808692763261, "median_itl_ms": 11.22744150006838, "std_itl_ms": 3.5395556974713376, "p95_itl_ms": 13.741858400271667, "p99_itl_ms": 14.102532809847617, "concurrency": 14.622554702238613, "accept_length": null, "max_output_tokens_per_s": 935.0, "max_concurrent_requests": 20}
