{"tag": null, "backend": "sglang", "dataset_name": "random", "request_rate": Infinity, "max_concurrency": 16, "sharegpt_output_len": null, "random_input_len": 32768, "random_output_len": 1024, "random_range_ratio": 0.0, "server_info": null, "duration": 85.49257472099998, "completed": 100, "total_input_tokens": 1610113, "total_input_text_tokens": 1610113, "total_input_vision_tokens": 0, "total_output_tokens": 52444, "total_output_tokens_retokenized": 52424, "request_throughput": 1.1696922256271278, "input_throughput": 18833.366584811716, "output_throughput": 613.433390807891, "total_throughput": 19446.799975619608, "mean_e2e_latency_ms": 12500.772439720013, "median_e2e_latency_ms": 12880.822081000133, "std_e2e_latency_ms": 4323.9801120185175, "p90_e2e_latency_ms": 17732.208677799466, "p99_e2e_latency_ms": 20962.0563894499, "mean_ttft_ms": 6803.139037769997, "median_ttft_ms": 6432.667435500207, "std_ttft_ms": 2744.9745026588826, "p99_ttft_ms": 11902.76106709047, "mean_tpot_ms": 10.232184349973132, "median_tpot_ms": 10.572750589124006, "std_tpot_ms": 2.3787360245506823, "p99_tpot_ms": 13.102896572564502, "mean_itl_ms": 10.88434463401724, "median_itl_ms": 11.28135499993732, "std_itl_ms": 3.6527535197815872, "p95_itl_ms": 13.95958490038538, "p99_itl_ms": 14.393362039991189, "concurrency": 14.622056337074362, "accept_length": null, "max_output_tokens_per_s": 937.0, "max_concurrent_requests": 21}
