{"tag": null, "backend": "sglang", "dataset_name": "random", "request_rate": Infinity, "max_concurrency": 128, "sharegpt_output_len": null, "random_input_len": 4096, "random_output_len": 512, "random_range_ratio": 0.0, "server_info": null, "duration": 58.29199883799993, "completed": 200, "total_input_tokens": 420445, "total_input_text_tokens": 420445, "total_input_vision_tokens": 0, "total_output_tokens": 49461, "total_output_tokens_retokenized": 46868, "request_throughput": 3.431002607335917, "input_throughput": 7212.739456206748, "output_throughput": 848.504099807209, "total_throughput": 8061.2435560139575, "mean_e2e_latency_ms": 29107.472792325, "median_e2e_latency_ms": 28811.16100350005, "std_e2e_latency_ms": 15677.749050375105, "p90_e2e_latency_ms": 52807.11588059998, "p99_e2e_latency_ms": 56447.68392528974, "mean_ttft_ms": 1782.443771465007, "median_ttft_ms": 2239.2307930001607, "std_ttft_ms": 977.6349615804162, "p99_ttft_ms": 2960.415446140064, "mean_tpot_ms": 111.12244486527793, "median_tpot_ms": 121.39604738056606, "std_tpot_ms": 26.71882115031902, "p99_tpot_ms": 128.18144062410772, "mean_itl_ms": 110.94396243555502, "median_itl_ms": 118.19924500014167, "std_itl_ms": 34.61834793374201, "p95_itl_ms": 136.90247020008428, "p99_itl_ms": 142.61467414013168, "concurrency": 99.86781504342633, "accept_length": null, "max_output_tokens_per_s": 2229.0, "max_concurrent_requests": 134}
