{"tag": null, "backend": "sglang", "dataset_name": "random", "request_rate": Infinity, "max_concurrency": 128, "sharegpt_output_len": null, "random_input_len": 4096, "random_output_len": 512, "random_range_ratio": 0.0, "server_info": null, "duration": 57.53121822100002, "completed": 200, "total_input_tokens": 420445, "total_input_text_tokens": 420445, "total_input_vision_tokens": 0, "total_output_tokens": 49461, "total_output_tokens_retokenized": 48096, "request_throughput": 3.4763734574804483, "input_throughput": 7308.1191916518355, "output_throughput": 859.7245379022023, "total_throughput": 8167.843729554038, "mean_e2e_latency_ms": 29068.761071049994, "median_e2e_latency_ms": 28389.829501500117, "std_e2e_latency_ms": 15748.640048397396, "p90_e2e_latency_ms": 53323.6598246001, "p99_e2e_latency_ms": 55563.24274072012, "mean_ttft_ms": 1262.2812339549932, "median_ttft_ms": 1496.7405385000347, "std_ttft_ms": 649.1821291785986, "p99_ttft_ms": 2234.563081260203, "mean_tpot_ms": 113.48769308424583, "median_tpot_ms": 120.35881961892561, "std_tpot_ms": 19.172582536559474, "p99_tpot_ms": 127.37223984746245, "mean_itl_ms": 112.89427398461268, "median_itl_ms": 117.76725499976237, "std_itl_ms": 45.169362485322594, "p95_itl_ms": 134.3712989996675, "p99_itl_ms": 141.34966980000175, "concurrency": 101.05386942923913, "accept_length": null, "max_output_tokens_per_s": 1505.0, "max_concurrent_requests": 135}
