{"tag": null, "backend": "sglang", "dataset_name": "random", "request_rate": Infinity, "max_concurrency": 128, "sharegpt_output_len": null, "random_input_len": 4096, "random_output_len": 512, "random_range_ratio": 0.0, "server_info": null, "duration": 59.949743648000094, "completed": 200, "total_input_tokens": 420445, "total_input_text_tokens": 420445, "total_input_vision_tokens": 0, "total_output_tokens": 49461, "total_output_tokens_retokenized": 49160, "request_throughput": 3.33612769346132, "input_throughput": 7013.2910403867245, "output_throughput": 825.0410592314519, "total_throughput": 7838.3320996181765, "mean_e2e_latency_ms": 30303.11291218501, "median_e2e_latency_ms": 29554.27870550011, "std_e2e_latency_ms": 16600.270372346622, "p90_e2e_latency_ms": 56038.972490899956, "p99_e2e_latency_ms": 58269.45751466994, "mean_ttft_ms": 3799.3815150450064, "median_ttft_ms": 3494.004109000116, "std_ttft_ms": 2778.614909915047, "p99_ttft_ms": 9535.192542530245, "mean_tpot_ms": 105.73703352672197, "median_tpot_ms": 120.74184153338031, "std_tpot_ms": 30.611975126476278, "p99_tpot_ms": 124.89571284735426, "mean_itl_ms": 107.60474156346797, "median_itl_ms": 118.46599199998309, "std_itl_ms": 39.83319427254676, "p95_itl_ms": 136.2729929996931, "p99_itl_ms": 158.9114460000019, "concurrency": 101.09505418442573, "accept_length": null, "max_output_tokens_per_s": 1489.0, "max_concurrent_requests": 133}
