{"tag": null, "backend": "sglang", "dataset_name": "random", "request_rate": Infinity, "max_concurrency": 128, "sharegpt_output_len": null, "random_input_len": 4096, "random_output_len": 512, "random_range_ratio": 0.0, "server_info": null, "duration": 40.409838804000174, "completed": 200, "total_input_tokens": 420445, "total_input_text_tokens": 420445, "total_input_vision_tokens": 0, "total_output_tokens": 49461, "total_output_tokens_retokenized": 49364, "request_throughput": 4.949289725456712, "input_throughput": 10404.520593098236, "output_throughput": 1223.9840955540722, "total_throughput": 11628.504688652309, "mean_e2e_latency_ms": 19835.942598094985, "median_e2e_latency_ms": 19201.068166500136, "std_e2e_latency_ms": 10678.814075345568, "p90_e2e_latency_ms": 36459.836295799774, "p99_e2e_latency_ms": 38463.06500804013, "mean_ttft_ms": 1212.7731596299873, "median_ttft_ms": 1653.0611349999162, "std_ttft_ms": 724.6831568503237, "p99_ttft_ms": 1991.0159303003002, "mean_tpot_ms": 75.74404159834825, "median_tpot_ms": 79.97243430655809, "std_tpot_ms": 12.59869684400704, "p99_tpot_ms": 83.77638613601421, "mean_itl_ms": 75.6100887261672, "median_itl_ms": 79.51335100051438, "std_itl_ms": 17.72605080213691, "p95_itl_ms": 82.80731584973182, "p99_itl_ms": 86.83043583014292, "concurrency": 98.17382689550062, "accept_length": null, "max_output_tokens_per_s": 1659.0, "max_concurrent_requests": 134}
