{"tag": null, "backend": "sglang", "dataset_name": "random", "request_rate": Infinity, "max_concurrency": 128, "sharegpt_output_len": null, "random_input_len": 4096, "random_output_len": 512, "random_range_ratio": 0.0, "server_info": null, "duration": 43.038998381000056, "completed": 200, "total_input_tokens": 420445, "total_input_text_tokens": 420445, "total_input_vision_tokens": 0, "total_output_tokens": 49461, "total_output_tokens_retokenized": 49370, "request_throughput": 4.646948291628733, "input_throughput": 9768.930872369212, "output_throughput": 1149.2135472612438, "total_throughput": 10918.144419630456, "mean_e2e_latency_ms": 21649.076666709974, "median_e2e_latency_ms": 20862.940589000118, "std_e2e_latency_ms": 11082.88654244891, "p90_e2e_latency_ms": 38403.07783820008, "p99_e2e_latency_ms": 41221.7867880203, "mean_ttft_ms": 3638.6786120499664, "median_ttft_ms": 3505.432651999854, "std_ttft_ms": 2653.6125951428003, "p99_ttft_ms": 8692.873645720265, "mean_tpot_ms": 73.08626076919204, "median_tpot_ms": 79.34253944595562, "std_tpot_ms": 16.108407285994613, "p99_tpot_ms": 88.13861184999948, "mean_itl_ms": 73.12049394908766, "median_itl_ms": 79.23113200013177, "std_itl_ms": 22.598839541412456, "p95_itl_ms": 82.89651099948969, "p99_itl_ms": 103.78894960012985, "concurrency": 100.60213983170738, "accept_length": null, "max_output_tokens_per_s": 1662.0, "max_concurrent_requests": 135}
