{"tag": null, "backend": "sglang", "dataset_name": "random", "request_rate": Infinity, "max_concurrency": 128, "sharegpt_output_len": null, "random_input_len": 4096, "random_output_len": 512, "random_range_ratio": 0.0, "server_info": null, "duration": 40.020273755000744, "completed": 200, "total_input_tokens": 420445, "total_input_text_tokens": 420445, "total_input_vision_tokens": 0, "total_output_tokens": 49461, "total_output_tokens_retokenized": 48945, "request_throughput": 4.997467064427788, "input_throughput": 10505.800199516705, "output_throughput": 1235.898592368314, "total_throughput": 11741.69879188502, "mean_e2e_latency_ms": 19781.506126050022, "median_e2e_latency_ms": 19413.1802349998, "std_e2e_latency_ms": 10502.229377162626, "p90_e2e_latency_ms": 36035.36661900061, "p99_e2e_latency_ms": 38052.18468098032, "mean_ttft_ms": 995.6794737450036, "median_ttft_ms": 1410.0902575000873, "std_ttft_ms": 547.627588179736, "p99_ttft_ms": 1518.3795745994485, "mean_tpot_ms": 76.98837282669308, "median_tpot_ms": 80.15476677140968, "std_tpot_ms": 9.969063447190063, "p99_tpot_ms": 83.48258060054528, "mean_itl_ms": 76.26892129349781, "median_itl_ms": 79.7546269996019, "std_itl_ms": 24.524038752096683, "p95_itl_ms": 82.99871400049597, "p99_itl_ms": 87.06956620026178, "concurrency": 98.85742534971149, "accept_length": null, "max_output_tokens_per_s": 2031.0, "max_concurrent_requests": 135}
