{"tag": null, "backend": "sglang", "dataset_name": "random", "request_rate": Infinity, "max_concurrency": 8, "sharegpt_output_len": null, "random_input_len": 61440, "random_output_len": 1024, "random_range_ratio": 0.0, "server_info": null, "duration": 124.06239454200022, "completed": 60, "total_input_tokens": 1979786, "total_input_text_tokens": 1979786, "total_input_vision_tokens": 0, "total_output_tokens": 29200, "total_output_tokens_retokenized": 28578, "request_throughput": 0.4836276151327027, "input_throughput": 15957.986360885216, "output_throughput": 235.365439364582, "total_throughput": 16193.351800249799, "mean_e2e_latency_ms": 15426.275453949953, "median_e2e_latency_ms": 15714.90578599969, "std_e2e_latency_ms": 4565.055651270681, "p90_e2e_latency_ms": 20629.242367900497, "p99_e2e_latency_ms": 25688.425734590128, "mean_ttft_ms": 10427.071316466663, "median_ttft_ms": 10624.381472500318, "std_ttft_ms": 4166.519524287758, "p99_ttft_ms": 18140.15441742984, "mean_tpot_ms": 9.334040761799807, "median_tpot_ms": 9.229201355446037, "std_tpot_ms": 6.692416483307332, "p99_tpot_ms": 34.69354136610797, "mean_itl_ms": 10.29324092350718, "median_itl_ms": 10.8155745001568, "std_itl_ms": 10.292161621956636, "p95_itl_ms": 12.22016754945798, "p99_itl_ms": 58.59062426992752, "concurrency": 7.460572808173967, "accept_length": null, "max_output_tokens_per_s": 1546.0, "max_concurrent_requests": 14}
