{"tag": null, "backend": "sglang", "dataset_name": "random", "request_rate": Infinity, "max_concurrency": 8, "sharegpt_output_len": null, "random_input_len": 61440, "random_output_len": 1024, "random_range_ratio": 0.0, "server_info": null, "duration": 114.18857836300049, "completed": 60, "total_input_tokens": 1979786, "total_input_text_tokens": 1979786, "total_input_vision_tokens": 0, "total_output_tokens": 29200, "total_output_tokens_retokenized": 29155, "request_throughput": 0.5254465977259357, "input_throughput": 17337.863632090655, "output_throughput": 255.71734422662203, "total_throughput": 17593.580976317277, "mean_e2e_latency_ms": 14093.246853183382, "median_e2e_latency_ms": 13560.10949199981, "std_e2e_latency_ms": 5504.93103066839, "p90_e2e_latency_ms": 20988.002835400493, "p99_e2e_latency_ms": 25135.64310199979, "mean_ttft_ms": 9119.040544483369, "median_ttft_ms": 9197.858736500166, "std_ttft_ms": 4400.177006733152, "p99_ttft_ms": 17904.115896980125, "mean_tpot_ms": 8.766789968878365, "median_tpot_ms": 9.941181754183084, "std_tpot_ms": 3.1967955307149922, "p99_tpot_ms": 11.904193883803638, "mean_itl_ms": 10.241771950446134, "median_itl_ms": 11.518313999658858, "std_itl_ms": 3.8633500559790868, "p95_itl_ms": 12.597631800053932, "p99_itl_ms": 12.986892809803976, "concurrency": 7.405248609916957, "accept_length": null, "max_output_tokens_per_s": 579.0, "max_concurrent_requests": 10}
