{"tag": null, "backend": "sglang", "dataset_name": "random", "request_rate": Infinity, "max_concurrency": 8, "sharegpt_output_len": null, "random_input_len": 61440, "random_output_len": 1024, "random_range_ratio": 0.0, "server_info": null, "duration": 114.31118848700044, "completed": 60, "total_input_tokens": 1979786, "total_input_text_tokens": 1979786, "total_input_vision_tokens": 0, "total_output_tokens": 29200, "total_output_tokens_retokenized": 29051, "request_throughput": 0.5248830039661713, "input_throughput": 17319.267048169506, "output_throughput": 255.44306193020336, "total_throughput": 17574.71011009971, "mean_e2e_latency_ms": 14113.301389550043, "median_e2e_latency_ms": 13685.321997000301, "std_e2e_latency_ms": 5446.144385673888, "p90_e2e_latency_ms": 20527.922937300358, "p99_e2e_latency_ms": 26180.642230160116, "mean_ttft_ms": 9243.053184133367, "median_ttft_ms": 9324.148407000393, "std_ttft_ms": 4455.888189706212, "p99_ttft_ms": 18108.302912229905, "mean_tpot_ms": 8.568912442839483, "median_tpot_ms": 9.832187521700117, "std_tpot_ms": 3.1460537126176478, "p99_tpot_ms": 11.853821978334471, "mean_itl_ms": 10.027714190871725, "median_itl_ms": 11.256366999987222, "std_itl_ms": 3.853822164830468, "p95_itl_ms": 12.687684800175703, "p99_itl_ms": 13.079845010352075, "concurrency": 7.407832029226966, "accept_length": null, "max_output_tokens_per_s": 571.0, "max_concurrent_requests": 10}
