{"tag": null, "backend": "sglang", "dataset_name": "random", "request_rate": Infinity, "max_concurrency": 8, "sharegpt_output_len": null, "random_input_len": 61440, "random_output_len": 1024, "random_range_ratio": 0.0, "server_info": null, "duration": 114.68231942500006, "completed": 60, "total_input_tokens": 1979786, "total_input_text_tokens": 1979786, "total_input_vision_tokens": 0, "total_output_tokens": 29200, "total_output_tokens_retokenized": 29129, "request_throughput": 0.5231843958234451, "input_throughput": 17263.219037828585, "output_throughput": 254.61640596740995, "total_throughput": 17517.835443795997, "mean_e2e_latency_ms": 14165.13412158327, "median_e2e_latency_ms": 13704.031751500224, "std_e2e_latency_ms": 5283.425113344471, "p90_e2e_latency_ms": 20699.301304399978, "p99_e2e_latency_ms": 24873.108734799684, "mean_ttft_ms": 9330.392020016643, "median_ttft_ms": 9474.828087999867, "std_ttft_ms": 4252.4743288929585, "p99_ttft_ms": 17710.646679639907, "mean_tpot_ms": 8.411767729357804, "median_tpot_ms": 9.731815639480164, "std_tpot_ms": 3.280438384765474, "p99_tpot_ms": 11.559043840565334, "mean_itl_ms": 9.95425587203161, "median_itl_ms": 11.211147000267374, "std_itl_ms": 3.8614201401885895, "p95_itl_ms": 12.72239280060603, "p99_itl_ms": 13.436795079860532, "concurrency": 7.4109771371586115, "accept_length": null, "max_output_tokens_per_s": 584.0, "max_concurrent_requests": 10}
