{"tag": null, "backend": "sglang", "dataset_name": "random", "request_rate": Infinity, "max_concurrency": 8, "sharegpt_output_len": null, "random_input_len": 61440, "random_output_len": 1024, "random_range_ratio": 0.0, "server_info": null, "duration": 114.00728153, "completed": 60, "total_input_tokens": 1979786, "total_input_text_tokens": 1979786, "total_input_vision_tokens": 0, "total_output_tokens": 29200, "total_output_tokens_retokenized": 29201, "request_throughput": 0.5262821742154384, "input_throughput": 17365.434676021436, "output_throughput": 256.1239914515134, "total_throughput": 17621.55866747295, "mean_e2e_latency_ms": 14073.895724199974, "median_e2e_latency_ms": 13682.223795000027, "std_e2e_latency_ms": 5359.423922523025, "p90_e2e_latency_ms": 20664.24401259983, "p99_e2e_latency_ms": 24932.384098750175, "mean_ttft_ms": 9284.212643650048, "median_ttft_ms": 9573.09553999994, "std_ttft_ms": 4450.186038093126, "p99_ttft_ms": 17871.01600376022, "mean_tpot_ms": 8.365195364537364, "median_tpot_ms": 9.578901176849529, "std_tpot_ms": 3.2130401602738456, "p99_tpot_ms": 11.872703844224999, "mean_itl_ms": 9.861233928929455, "median_itl_ms": 11.09662799990474, "std_itl_ms": 3.7637658335840567, "p95_itl_ms": 12.332386849539034, "p99_itl_ms": 12.99062433018662, "concurrency": 7.406840441413325, "accept_length": null, "max_output_tokens_per_s": 636.0, "max_concurrent_requests": 10}
