{"tag": null, "backend": "sglang", "dataset_name": "random", "request_rate": Infinity, "max_concurrency": 4, "sharegpt_output_len": null, "random_input_len": 122880, "random_output_len": 1024, "random_range_ratio": 0.0, "server_info": null, "duration": 131.15393467400008, "completed": 30, "total_input_tokens": 1860091, "total_input_text_tokens": 1860091, "total_input_vision_tokens": 0, "total_output_tokens": 15791, "total_output_tokens_retokenized": 15774, "request_throughput": 0.2287388485489882, "input_throughput": 14182.502451211201, "output_throughput": 120.40050524790243, "total_throughput": 14302.902956459104, "mean_e2e_latency_ms": 16689.953661766627, "median_e2e_latency_ms": 13887.43150800019, "std_e2e_latency_ms": 6420.9587176519335, "p90_e2e_latency_ms": 26014.01282250018, "p99_e2e_latency_ms": 31014.855849539865, "mean_ttft_ms": 10795.509520333357, "median_ttft_ms": 10436.070611499872, "std_ttft_ms": 6323.482956758997, "p99_ttft_ms": 24255.525747070657, "mean_tpot_ms": 10.478757421579187, "median_tpot_ms": 11.02741877150418, "std_tpot_ms": 2.661959169976859, "p99_tpot_ms": 13.955178969490518, "mean_itl_ms": 11.219421298077624, "median_itl_ms": 11.977905999629002, "std_itl_ms": 3.5118069493779323, "p95_itl_ms": 14.287183999840636, "p99_itl_ms": 14.508952000142017, "concurrency": 3.8176407829284673, "accept_length": null, "max_output_tokens_per_s": 336.0, "max_concurrent_requests": 5}
