{"tag": null, "backend": "sglang", "dataset_name": "random", "request_rate": Infinity, "max_concurrency": 4, "sharegpt_output_len": null, "random_input_len": 122880, "random_output_len": 1024, "random_range_ratio": 0.0, "server_info": null, "duration": 131.0165131929998, "completed": 30, "total_input_tokens": 1860091, "total_input_text_tokens": 1860091, "total_input_vision_tokens": 0, "total_output_tokens": 15791, "total_output_tokens_retokenized": 15770, "request_throughput": 0.22897876968994849, "input_throughput": 14197.378289711532, "output_throughput": 120.52679173913255, "total_throughput": 14317.905081450665, "mean_e2e_latency_ms": 16671.441071400055, "median_e2e_latency_ms": 13934.82326900039, "std_e2e_latency_ms": 6234.831598964209, "p90_e2e_latency_ms": 25919.350696899714, "p99_e2e_latency_ms": 30495.237567250242, "mean_ttft_ms": 10766.864450766601, "median_ttft_ms": 9959.915663499942, "std_ttft_ms": 6354.570850678292, "p99_ttft_ms": 24098.610823660096, "mean_tpot_ms": 10.535827617691952, "median_tpot_ms": 10.970636564171674, "std_tpot_ms": 2.684728030732246, "p99_tpot_ms": 13.896053864175837, "mean_itl_ms": 11.23863340466979, "median_itl_ms": 11.93618500019511, "std_itl_ms": 3.5376167747736336, "p95_itl_ms": 14.26220600023953, "p99_itl_ms": 14.593903800414406, "concurrency": 3.8174060654876607, "accept_length": null, "max_output_tokens_per_s": 336.0, "max_concurrent_requests": 6}
