{"tag": null, "backend": "sglang", "dataset_name": "random", "request_rate": Infinity, "max_concurrency": 4, "sharegpt_output_len": null, "random_input_len": 122880, "random_output_len": 1024, "random_range_ratio": 0.0, "server_info": null, "duration": 128.96085118099927, "completed": 30, "total_input_tokens": 1860091, "total_input_text_tokens": 1860091, "total_input_vision_tokens": 0, "total_output_tokens": 15791, "total_output_tokens_retokenized": 15766, "request_throughput": 0.23262873752201255, "input_throughput": 14423.687366868595, "output_throughput": 122.44801314033667, "total_throughput": 14546.135380008931, "mean_e2e_latency_ms": 16401.05115409997, "median_e2e_latency_ms": 14154.17296150008, "std_e2e_latency_ms": 6407.245961224518, "p90_e2e_latency_ms": 23491.865143300227, "p99_e2e_latency_ms": 30595.836447219735, "mean_ttft_ms": 10571.783438133329, "median_ttft_ms": 10396.29810749966, "std_ttft_ms": 6296.864742203055, "p99_ttft_ms": 23814.475625469917, "mean_tpot_ms": 10.273042825039052, "median_tpot_ms": 10.898624058922136, "std_tpot_ms": 2.9408188585572836, "p99_tpot_ms": 12.797896599171603, "mean_itl_ms": 11.095398506693666, "median_itl_ms": 11.925362999136269, "std_itl_ms": 3.5089026666104113, "p95_itl_ms": 13.422283000181778, "p99_itl_ms": 14.318484999785142, "concurrency": 3.8153558240122223, "accept_length": null, "max_output_tokens_per_s": 340.0, "max_concurrent_requests": 5}
