{"tag": null, "backend": "sglang", "dataset_name": "random", "request_rate": Infinity, "max_concurrency": 4, "sharegpt_output_len": null, "random_input_len": 122880, "random_output_len": 1024, "random_range_ratio": 0.0, "server_info": null, "duration": 128.3079920829996, "completed": 30, "total_input_tokens": 1860091, "total_input_text_tokens": 1860091, "total_input_vision_tokens": 0, "total_output_tokens": 15791, "total_output_tokens_retokenized": 15792, "request_throughput": 0.23381240336606363, "input_throughput": 14497.078239652823, "output_throughput": 123.07105538511703, "total_throughput": 14620.14929503794, "mean_e2e_latency_ms": 16298.513006966641, "median_e2e_latency_ms": 13981.481701999655, "std_e2e_latency_ms": 6052.923287404646, "p90_e2e_latency_ms": 24953.81087660053, "p99_e2e_latency_ms": 30079.936102670054, "mean_ttft_ms": 10473.58636993328, "median_ttft_ms": 9982.33850150018, "std_ttft_ms": 6144.811467633563, "p99_ttft_ms": 23464.189914029943, "mean_tpot_ms": 10.326996181117027, "median_tpot_ms": 10.734027166550876, "std_tpot_ms": 2.6621272499594224, "p99_tpot_ms": 13.919936422677669, "mean_itl_ms": 11.086579083243521, "median_itl_ms": 11.904676000085601, "std_itl_ms": 3.6115201456853336, "p95_itl_ms": 14.10803099952318, "p99_itl_ms": 14.601498800220725, "concurrency": 3.8107944974519192, "accept_length": null, "max_output_tokens_per_s": 340.0, "max_concurrent_requests": 6}
