{"tag": null, "backend": "sglang", "dataset_name": "random", "request_rate": Infinity, "max_concurrency": 4, "sharegpt_output_len": null, "random_input_len": 122880, "random_output_len": 1024, "random_range_ratio": 0.0, "server_info": null, "duration": 127.0658842289995, "completed": 30, "total_input_tokens": 1860091, "total_input_text_tokens": 1860091, "total_input_vision_tokens": 0, "total_output_tokens": 15791, "total_output_tokens_retokenized": 15793, "request_throughput": 0.23609799107000018, "input_throughput": 14638.791610246257, "output_throughput": 124.27411256621244, "total_throughput": 14763.06572281247, "mean_e2e_latency_ms": 16135.564131700054, "median_e2e_latency_ms": 14026.043711499824, "std_e2e_latency_ms": 6293.415452390038, "p90_e2e_latency_ms": 24046.340416100345, "p99_e2e_latency_ms": 30137.01592314986, "mean_ttft_ms": 10250.981478500064, "median_ttft_ms": 9879.403594999985, "std_ttft_ms": 6364.326523754749, "p99_ttft_ms": 23339.36491188003, "mean_tpot_ms": 10.407199364924573, "median_tpot_ms": 10.87234004751245, "std_tpot_ms": 2.669491076244229, "p99_tpot_ms": 12.801774758922642, "mean_itl_ms": 11.200037033817685, "median_itl_ms": 12.009769000542292, "std_itl_ms": 3.4750482776920113, "p95_itl_ms": 13.651233000018692, "p99_itl_ms": 14.220117199874949, "concurrency": 3.809574276275535, "accept_length": null, "max_output_tokens_per_s": 340.0, "max_concurrent_requests": 6}
