{"tag": null, "backend": "sglang", "dataset_name": "random", "request_rate": Infinity, "max_concurrency": 4, "sharegpt_output_len": null, "random_input_len": 122880, "random_output_len": 1024, "random_range_ratio": 0.0, "server_info": null, "duration": 128.47147328099982, "completed": 30, "total_input_tokens": 1860091, "total_input_text_tokens": 1860091, "total_input_vision_tokens": 0, "total_output_tokens": 15791, "total_output_tokens_retokenized": 15792, "request_throughput": 0.2335148748110202, "input_throughput": 14478.630566736847, "output_throughput": 122.91444627136067, "total_throughput": 14601.545013008206, "mean_e2e_latency_ms": 16316.286706333238, "median_e2e_latency_ms": 14006.99964749947, "std_e2e_latency_ms": 6114.968164981061, "p90_e2e_latency_ms": 25307.995987699458, "p99_e2e_latency_ms": 30142.80972625982, "mean_ttft_ms": 10457.087838166564, "median_ttft_ms": 9977.707180999914, "std_ttft_ms": 6268.686446542593, "p99_ttft_ms": 23509.20947263018, "mean_tpot_ms": 10.39124798684485, "median_tpot_ms": 10.739061451978422, "std_tpot_ms": 2.6580909905986365, "p99_tpot_ms": 13.88969877009642, "mean_itl_ms": 11.151902250174503, "median_itl_ms": 11.922355000024254, "std_itl_ms": 3.5322099004998866, "p95_itl_ms": 14.121469999736291, "p99_itl_ms": 14.626637199944524, "concurrency": 3.810095647610119, "accept_length": null, "max_output_tokens_per_s": 340.0, "max_concurrent_requests": 6}
