{"tag": null, "backend": "sglang", "dataset_name": "random", "request_rate": Infinity, "max_concurrency": 8, "sharegpt_output_len": null, "random_input_len": 2048, "random_output_len": 256, "random_range_ratio": 0.0, "server_info": null, "duration": 4.544832502999952, "completed": 15, "total_input_tokens": 15851, "total_input_text_tokens": 15851, "total_input_vision_tokens": 0, "total_output_tokens": 2417, "total_output_tokens_retokenized": 2395, "request_throughput": 3.300451664632041, "input_throughput": 3487.697289072166, "output_throughput": 531.8127782277096, "total_throughput": 4019.5100672998756, "mean_e2e_latency_ms": 2113.1478219999885, "median_e2e_latency_ms": 1997.8575000000092, "std_e2e_latency_ms": 650.1608625090663, "p90_e2e_latency_ms": 3050.8249905999946, "p99_e2e_latency_ms": 3327.9119774999617, "mean_ttft_ms": 568.694896933342, "median_ttft_ms": 782.2914530001981, "std_ttft_ms": 291.7558701905163, "p99_ttft_ms": 902.5051407199362, "mean_tpot_ms": 10.076773814178829, "median_tpot_ms": 9.472801724359378, "std_tpot_ms": 1.265045197649306, "p99_tpot_ms": 13.341713974599406, "mean_itl_ms": 9.644180935054223, "median_itl_ms": 9.269483500020215, "std_itl_ms": 5.90484523403871, "p95_itl_ms": 10.006612499887524, "p99_itl_ms": 13.905562279958295, "concurrency": 6.9743422467334355, "accept_length": null, "max_output_tokens_per_s": 788.0, "max_concurrent_requests": 12}
