{"tag": null, "backend": "sglang-oai-chat", "dataset_name": "random", "request_rate": 2.0, "max_concurrency": 2, "sharegpt_output_len": null, "random_input_len": 60000, "random_output_len": 1024, "random_range_ratio": 1.0, "server_info": {"router_manager": true, "routers_count": 1, "workers_count": 2}, "duration": 193.29624004592188, "completed": 16, "total_input_tokens": 960000, "total_input_text_tokens": 960000, "total_input_vision_tokens": 0, "total_output_tokens": 16384, "total_output_tokens_retokenized": 1534, "request_throughput": 0.0827745019571971, "input_throughput": 4966.470117431826, "output_throughput": 84.76109000416983, "total_throughput": 5051.231207435995, "mean_e2e_latency_ms": 23261.36331307498, "median_e2e_latency_ms": 22413.150799053255, "std_e2e_latency_ms": 3424.6403563044673, "p90_e2e_latency_ms": 26652.7087065042, "p99_e2e_latency_ms": 31746.74246870563, "mean_ttft_ms": 3629.6107454327284, "median_ttft_ms": 0.0, "std_ttft_ms": 7179.015297400204, "p99_ttft_ms": 22514.134670328345, "mean_tpot_ms": 19.190373966414715, "median_tpot_ms": 21.430738960467426, "std_tpot_ms": 8.344870176273519, "p99_tpot_ms": 31.032983840376964, "mean_itl_ms": 47.26463717774604, "median_itl_ms": 47.300504986196756, "std_itl_ms": 0.9957032321521162, "p95_itl_ms": 48.6437045969069, "p99_itl_ms": 49.26095578353852, "concurrency": 1.9254477630851976, "accept_length": null, "max_output_tokens_per_s": 22.0, "max_concurrent_requests": 4}
