{"tag": null, "backend": "sglang-oai-chat", "dataset_name": "random", "request_rate": 2.0, "max_concurrency": 2, "sharegpt_output_len": null, "random_input_len": 60000, "random_output_len": 1024, "random_range_ratio": 1.0, "server_info": {"router_manager": true, "routers_count": 1, "workers_count": 2}, "duration": 294.95001419994514, "completed": 16, "total_input_tokens": 960000, "total_input_text_tokens": 960000, "total_input_vision_tokens": 0, "total_output_tokens": 16384, "total_output_tokens_retokenized": 1669, "request_throughput": 0.05424647984303428, "input_throughput": 3254.788790582057, "output_throughput": 55.548395359267104, "total_throughput": 3310.337185941324, "mean_e2e_latency_ms": 36762.36504762346, "median_e2e_latency_ms": 36702.52007106319, "std_e2e_latency_ms": 276.00605141590034, "p90_e2e_latency_ms": 37210.70490498096, "p99_e2e_latency_ms": 37256.4987548918, "mean_ttft_ms": 7933.323622615717, "median_ttft_ms": 0.0, "std_ttft_ms": 13330.888260059572, "p99_ttft_ms": 35991.54984418419, "mean_tpot_ms": 28.180881158365338, "median_tpot_ms": 35.75287937340968, "std_tpot_ms": 13.014684286458515, "p99_tpot_ms": 36.41886486304184, "mean_itl_ms": 34.07122731795635, "median_itl_ms": 34.045726992189884, "std_itl_ms": 0.448536550118616, "p95_itl_ms": 34.60261828149669, "p99_itl_ms": 34.89520428352989, "concurrency": 1.994228894538174, "accept_length": null, "max_output_tokens_per_s": 60.0, "max_concurrent_requests": 3}
