{"tag": null, "backend": "sglang-oai-chat", "dataset_name": "random", "request_rate": 2.0, "max_concurrency": 2, "sharegpt_output_len": null, "random_input_len": 60000, "random_output_len": 1024, "random_range_ratio": 1.0, "server_info": {"router_manager": true, "routers_count": 1, "workers_count": 2}, "duration": 466.7283296099631, "completed": 16, "total_input_tokens": 960000, "total_input_text_tokens": 960000, "total_input_vision_tokens": 0, "total_output_tokens": 16384, "total_output_tokens_retokenized": 1731, "request_throughput": 0.034281184545559784, "input_throughput": 2056.871072733587, "output_throughput": 35.10393297465322, "total_throughput": 2091.97500570824, "mean_e2e_latency_ms": 58198.69547038979, "median_e2e_latency_ms": 58558.44497453654, "std_e2e_latency_ms": 4316.654408473843, "p90_e2e_latency_ms": 63548.45496302005, "p99_e2e_latency_ms": 65821.48834033287, "mean_ttft_ms": 12189.03905787738, "median_ttft_ms": 0.0, "std_ttft_ms": 20684.934148069984, "p99_ttft_ms": 61881.18124310858, "mean_tpot_ms": 44.97522620968956, "median_tpot_ms": 53.521557175474676, "std_tpot_ms": 20.50366486479046, "p99_tpot_ms": 63.32679990886593, "mean_itl_ms": 54.98816891018137, "median_itl_ms": 50.08663749322295, "std_itl_ms": 29.04146492014768, "p95_itl_ms": 105.77213496435434, "p99_itl_ms": 177.4495837453287, "concurrency": 1.9951202197312667, "accept_length": null, "max_output_tokens_per_s": 25.0, "max_concurrent_requests": 4}
