{"tag": null, "backend": "sglang-oai-chat", "dataset_name": "random", "request_rate": 0.3, "max_concurrency": 2, "sharegpt_output_len": null, "random_input_len": 120000, "random_output_len": 1024, "random_range_ratio": 1.0, "server_info": {"router_manager": true, "routers_count": 1, "workers_count": 2}, "duration": 195.61541526799556, "completed": 16, "total_input_tokens": 1920000, "total_input_text_tokens": 1920000, "total_input_vision_tokens": 0, "total_output_tokens": 16384, "total_output_tokens_retokenized": 1861, "request_throughput": 0.08179314487091828, "input_throughput": 9815.177384510192, "output_throughput": 83.75618034782032, "total_throughput": 9898.933564858015, "mean_e2e_latency_ms": 23935.940350980673, "median_e2e_latency_ms": 23779.89432105096, "std_e2e_latency_ms": 1842.6690977577077, "p90_e2e_latency_ms": 25362.686375447083, "p99_e2e_latency_ms": 28780.907389428463, "mean_ttft_ms": 3647.3490288772155, "median_ttft_ms": 0.0, "std_ttft_ms": 6885.945744626342, "p99_ttft_ms": 19869.612403295465, "mean_tpot_ms": 19.832445085145118, "median_tpot_ms": 23.024975109953736, "std_tpot_ms": 6.95667284538869, "p99_tpot_ms": 25.19553271570072, "mean_itl_ms": 48.82561587365022, "median_itl_ms": 48.74730692245066, "std_itl_ms": 1.413123708856883, "p95_itl_ms": 50.48599431756884, "p99_itl_ms": 51.31546209799126, "concurrency": 1.9577958367494206, "accept_length": null, "max_output_tokens_per_s": 22.0, "max_concurrent_requests": 3}
