{"tag": null, "backend": "sglang-oai-chat", "dataset_name": "random", "request_rate": 0.3, "max_concurrency": 4, "sharegpt_output_len": null, "random_input_len": 120000, "random_output_len": 1024, "random_range_ratio": 1.0, "server_info": {"router_manager": true, "routers_count": 1, "workers_count": 2}, "duration": 131.4548834450543, "completed": 16, "total_input_tokens": 1920000, "total_input_text_tokens": 1920000, "total_input_vision_tokens": 0, "total_output_tokens": 16384, "total_output_tokens_retokenized": 2078, "request_throughput": 0.12171476312394057, "input_throughput": 14605.771574872868, "output_throughput": 124.63591743891514, "total_throughput": 14730.407492311784, "mean_e2e_latency_ms": 29325.176263067988, "median_e2e_latency_ms": 25676.52904195711, "std_e2e_latency_ms": 9826.993409944489, "p90_e2e_latency_ms": 41795.586102467496, "p99_e2e_latency_ms": 55859.42483141553, "mean_ttft_ms": 5274.9533015012275, "median_ttft_ms": 0.0, "std_ttft_ms": 8556.851604364194, "p99_ttft_ms": 23796.101164491844, "mean_tpot_ms": 23.50950436125783, "median_tpot_ms": 23.64357512998226, "std_tpot_ms": 14.087777245305148, "p99_tpot_ms": 54.60354333471703, "mean_itl_ms": 51.46240164236342, "median_itl_ms": 51.73459998331964, "std_itl_ms": 2.524031478716415, "p95_itl_ms": 53.91749395057559, "p99_itl_ms": 59.80214667972177, "concurrency": 3.569306882427125, "accept_length": null, "max_output_tokens_per_s": 33.0, "max_concurrent_requests": 6}
