{"tag": null, "backend": "sglang", "dataset_name": "random", "request_rate": Infinity, "max_concurrency": 64, "sharegpt_output_len": null, "random_input_len": 8192, "random_output_len": 1024, "random_range_ratio": 1.0, "server_info": null, "duration": 402.23655815999973, "completed": 200, "total_input_tokens": 1638400, "total_input_text_tokens": 1638400, "total_input_vision_tokens": 0, "total_output_tokens": 204800, "total_output_tokens_retokenized": 204627, "request_throughput": 0.49721984723339085, "input_throughput": 4073.224988535938, "output_throughput": 509.15312356699224, "total_throughput": 4582.37811210293, "mean_e2e_latency_ms": 122673.01892185502, "median_e2e_latency_ms": 127929.0221565002, "std_e2e_latency_ms": 24267.464159441603, "p90_e2e_latency_ms": 145377.14652960023, "p99_e2e_latency_ms": 153186.72198161975, "mean_ttft_ms": 5236.812082450019, "median_ttft_ms": 931.4577040004224, "std_ttft_ms": 7596.933038142828, "p99_ttft_ms": 26642.978393080153, "mean_tpot_ms": 114.79590111378788, "median_tpot_ms": 123.73801792766407, "std_tpot_ms": 22.300347536541768, "p99_tpot_ms": 124.877326466364, "mean_itl_ms": 114.79454406297658, "median_itl_ms": 120.7152255001347, "std_itl_ms": 31.81723571144589, "p95_itl_ms": 139.436259899594, "p99_itl_ms": 143.44902440957412, "concurrency": 60.995459727983615, "accept_length": null, "max_output_tokens_per_s": 1602.0, "max_concurrent_requests": 67}
