{
  "tag": null,
  "backend": "sglang",
  "dataset_name": "random",
  "request_rate": Infinity,
  "max_concurrency": 64,
  "sharegpt_output_len": null,
  "random_input_len": 8192,
  "random_output_len": 1024,
  "random_range_ratio": 0.0,
  "server_info": null,
  "duration": 186.12735457300005,
  "completed": 200,
  "total_input_tokens": 817757,
  "total_input_text_tokens": 817757,
  "total_input_vision_tokens": 0,
  "total_output_tokens": 99125,
  "total_output_tokens_retokenized": 98129,
  "request_throughput": 1.0745330822480423,
  "input_throughput": 4393.5347486995615,
  "output_throughput": 532.565458889186,
  "total_throughput": 4926.100207588748,
  "mean_e2e_latency_ms": 55220.24467719998,
  "median_e2e_latency_ms": 55587.00199200007,
  "std_e2e_latency_ms": 33458.85052865075,
  "p90_e2e_latency_ms": 99674.01009640003,
  "p99_e2e_latency_ms": 129796.41867047013,
  "mean_ttft_ms": 3210.1286864499957,
  "median_ttft_ms": 749.7438735001651,
  "std_ttft_ms": 3899.011719907394,
  "p99_ttft_ms": 13117.099335660108,
  "mean_tpot_ms": 105.61762221257003,
  "median_tpot_ms": 123.69298638040877,
  "std_tpot_ms": 32.68407215308511,
  "p99_tpot_ms": 127.55235440874499,
  "mean_itl_ms": 105.15006733072529,
  "median_itl_ms": 120.0463669997589,
  "std_itl_ms": 42.92298844931446,
  "p95_itl_ms": 138.65739539987771,
  "p99_itl_ms": 142.70373712011857,
  "concurrency": 59.33597971548275,
  "accept_length": null,
  "max_output_tokens_per_s": 1654.0,
  "max_concurrent_requests": 68
}