{
  "tag": null,
  "backend": "sglang",
  "dataset_name": "random",
  "request_rate": Infinity,
  "max_concurrency": 64,
  "sharegpt_output_len": null,
  "random_input_len": 8192,
  "random_output_len": 1024,
  "random_range_ratio": 0.0,
  "server_info": null,
  "duration": 183.8506327949999,
  "completed": 200,
  "total_input_tokens": 817757,
  "total_input_text_tokens": 817757,
  "total_input_vision_tokens": 0,
  "total_output_tokens": 99125,
  "total_output_tokens_retokenized": 95961,
  "request_throughput": 1.0878396063124092,
  "input_throughput": 4447.942264696084,
  "output_throughput": 539.1605048785877,
  "total_throughput": 4987.102769574672,
  "mean_e2e_latency_ms": 54433.08658761498,
  "median_e2e_latency_ms": 55771.221432499944,
  "std_e2e_latency_ms": 32451.095795032594,
  "p90_e2e_latency_ms": 97371.95834799977,
  "p99_e2e_latency_ms": 123339.97647529989,
  "mean_ttft_ms": 3241.305260129984,
  "median_ttft_ms": 744.1613339999549,
  "std_ttft_ms": 3930.420470772875,
  "p99_ttft_ms": 13271.06591218981,
  "mean_tpot_ms": 103.72707948189203,
  "median_tpot_ms": 122.53417571060612,
  "std_tpot_ms": 34.129967428405074,
  "p99_tpot_ms": 126.63494615383603,
  "mean_itl_ms": 103.49543899029571,
  "median_itl_ms": 118.20362299977205,
  "std_itl_ms": 43.071772930726794,
  "p95_itl_ms": 138.1744794000042,
  "p99_itl_ms": 142.30631760025062,
  "concurrency": 59.21446748384036,
  "accept_length": null,
  "max_output_tokens_per_s": 1665.0,
  "max_concurrent_requests": 68
}