{
  "tag": null,
  "backend": "sglang",
  "dataset_name": "random",
  "request_rate": Infinity,
  "max_concurrency": 64,
  "sharegpt_output_len": null,
  "random_input_len": 8192,
  "random_output_len": 1024,
  "random_range_ratio": 0.0,
  "server_info": null,
  "duration": 183.9713698390001,
  "completed": 200,
  "total_input_tokens": 817757,
  "total_input_text_tokens": 817757,
  "total_input_vision_tokens": 0,
  "total_output_tokens": 99125,
  "total_output_tokens_retokenized": 99025,
  "request_throughput": 1.0871256770824023,
  "input_throughput": 4445.02316156937,
  "output_throughput": 538.8066637039656,
  "total_throughput": 4983.829825273336,
  "mean_e2e_latency_ms": 54538.28096936001,
  "median_e2e_latency_ms": 54542.53365550016,
  "std_e2e_latency_ms": 33300.712095164155,
  "p90_e2e_latency_ms": 97278.57650690002,
  "p99_e2e_latency_ms": 124287.85165416979,
  "mean_ttft_ms": 3537.5941259000115,
  "median_ttft_ms": 743.2837870001094,
  "std_ttft_ms": 4198.639567267096,
  "p99_ttft_ms": 14102.11571988994,
  "mean_tpot_ms": 102.46738975412335,
  "median_tpot_ms": 122.35705468877808,
  "std_tpot_ms": 35.10163295801899,
  "p99_tpot_ms": 125.81266431241283,
  "mean_itl_ms": 103.10933161822595,
  "median_itl_ms": 117.94723499997417,
  "std_itl_ms": 44.199620339028094,
  "p95_itl_ms": 137.997321000239,
  "p99_itl_ms": 142.57005268013017,
  "concurrency": 59.28996562572579,
  "accept_length": null,
  "max_output_tokens_per_s": 1608.0,
  "max_concurrent_requests": 69
}