{"tag": null, "backend": "sglang", "dataset_name": "random", "request_rate": Infinity, "max_concurrency": 64, "sharegpt_output_len": null, "random_input_len": 8192, "random_output_len": 1024, "random_range_ratio": 1.0, "server_info": null, "duration": 401.845370518, "completed": 200, "total_input_tokens": 1638400, "total_input_text_tokens": 1638400, "total_input_vision_tokens": 0, "total_output_tokens": 204800, "total_output_tokens_retokenized": 204552, "request_throughput": 0.49770387983365194, "input_throughput": 4077.1901835972767, "output_throughput": 509.6487729496596, "total_throughput": 4586.838956546936, "mean_e2e_latency_ms": 122536.94785232998, "median_e2e_latency_ms": 127021.93277100014, "std_e2e_latency_ms": 22428.61185917724, "p90_e2e_latency_ms": 144264.6047105004, "p99_e2e_latency_ms": 151728.02224744065, "mean_ttft_ms": 5539.696184519985, "median_ttft_ms": 1917.8958719999173, "std_ttft_ms": 7292.618204814255, "p99_ttft_ms": 26296.77619976064, "mean_tpot_ms": 114.36681492454545, "median_tpot_ms": 122.786805804008, "std_tpot_ms": 20.3886917048859, "p99_tpot_ms": 123.59191133879742, "mean_itl_ms": 114.36541867778108, "median_itl_ms": 120.11640900027487, "std_itl_ms": 33.051950067373596, "p95_itl_ms": 138.5591324001325, "p99_itl_ms": 142.43128213042837, "concurrency": 60.98711436907851, "accept_length": null, "max_output_tokens_per_s": 1545.0, "max_concurrent_requests": 68}
