{"tag": null, "backend": "sglang", "dataset_name": "random", "request_rate": Infinity, "max_concurrency": 64, "sharegpt_output_len": null, "random_input_len": 8192, "random_output_len": 1024, "random_range_ratio": 1.0, "server_info": null, "duration": 401.21548303799955, "completed": 200, "total_input_tokens": 1638400, "total_input_text_tokens": 1638400, "total_input_vision_tokens": 0, "total_output_tokens": 204800, "total_output_tokens_retokenized": 204729, "request_throughput": 0.4984852490876026, "input_throughput": 4083.5911605256406, "output_throughput": 510.4488950657051, "total_throughput": 4594.040055591346, "mean_e2e_latency_ms": 122383.51727848001, "median_e2e_latency_ms": 127100.79894399997, "std_e2e_latency_ms": 24150.418093821027, "p90_e2e_latency_ms": 145859.82092719967, "p99_e2e_latency_ms": 153336.98861820975, "mean_ttft_ms": 5302.325828259991, "median_ttft_ms": 950.2600660002827, "std_ttft_ms": 7614.3214100925115, "p99_ttft_ms": 26629.74131830987, "mean_tpot_ms": 114.44886749777127, "median_tpot_ms": 123.3508347292275, "std_tpot_ms": 22.041658568772327, "p99_tpot_ms": 124.19006983543545, "mean_itl_ms": 114.44763945086027, "median_itl_ms": 120.48774599998069, "std_itl_ms": 31.712349695756128, "p95_itl_ms": 138.64977220009678, "p99_itl_ms": 142.44897920943913, "concurrency": 61.006378094780025, "accept_length": null, "max_output_tokens_per_s": 1574.0, "max_concurrent_requests": 67}
