{
  "rounds": [
    {
      "tag": null,
      "backend": "sglang",
      "dataset_name": "random",
      "request_rate": Infinity,
      "max_concurrency": 64,
      "sharegpt_output_len": null,
      "random_input_len": 8192,
      "random_output_len": 1024,
      "random_range_ratio": 0.0,
      "server_info": null,
      "duration": 183.9713698390001,
      "completed": 200,
      "total_input_tokens": 817757,
      "total_input_text_tokens": 817757,
      "total_input_vision_tokens": 0,
      "total_output_tokens": 99125,
      "total_output_tokens_retokenized": 99025,
      "request_throughput": 1.0871256770824023,
      "input_throughput": 4445.02316156937,
      "output_throughput": 538.8066637039656,
      "total_throughput": 4983.829825273336,
      "mean_e2e_latency_ms": 54538.28096936001,
      "median_e2e_latency_ms": 54542.53365550016,
      "std_e2e_latency_ms": 33300.712095164155,
      "p90_e2e_latency_ms": 97278.57650690002,
      "p99_e2e_latency_ms": 124287.85165416979,
      "mean_ttft_ms": 3537.5941259000115,
      "median_ttft_ms": 743.2837870001094,
      "std_ttft_ms": 4198.639567267096,
      "p99_ttft_ms": 14102.11571988994,
      "mean_tpot_ms": 102.46738975412335,
      "median_tpot_ms": 122.35705468877808,
      "std_tpot_ms": 35.10163295801899,
      "p99_tpot_ms": 125.81266431241283,
      "mean_itl_ms": 103.10933161822595,
      "median_itl_ms": 117.94723499997417,
      "std_itl_ms": 44.199620339028094,
      "p95_itl_ms": 137.997321000239,
      "p99_itl_ms": 142.57005268013017,
      "concurrency": 59.28996562572579,
      "accept_length": null,
      "max_output_tokens_per_s": 1608.0,
      "max_concurrent_requests": 69
    },
    {
      "tag": null,
      "backend": "sglang",
      "dataset_name": "random",
      "request_rate": Infinity,
      "max_concurrency": 64,
      "sharegpt_output_len": null,
      "random_input_len": 8192,
      "random_output_len": 1024,
      "random_range_ratio": 0.0,
      "server_info": null,
      "duration": 183.8506327949999,
      "completed": 200,
      "total_input_tokens": 817757,
      "total_input_text_tokens": 817757,
      "total_input_vision_tokens": 0,
      "total_output_tokens": 99125,
      "total_output_tokens_retokenized": 95961,
      "request_throughput": 1.0878396063124092,
      "input_throughput": 4447.942264696084,
      "output_throughput": 539.1605048785877,
      "total_throughput": 4987.102769574672,
      "mean_e2e_latency_ms": 54433.08658761498,
      "median_e2e_latency_ms": 55771.221432499944,
      "std_e2e_latency_ms": 32451.095795032594,
      "p90_e2e_latency_ms": 97371.95834799977,
      "p99_e2e_latency_ms": 123339.97647529989,
      "mean_ttft_ms": 3241.305260129984,
      "median_ttft_ms": 744.1613339999549,
      "std_ttft_ms": 3930.420470772875,
      "p99_ttft_ms": 13271.06591218981,
      "mean_tpot_ms": 103.72707948189203,
      "median_tpot_ms": 122.53417571060612,
      "std_tpot_ms": 34.129967428405074,
      "p99_tpot_ms": 126.63494615383603,
      "mean_itl_ms": 103.49543899029571,
      "median_itl_ms": 118.20362299977205,
      "std_itl_ms": 43.071772930726794,
      "p95_itl_ms": 138.1744794000042,
      "p99_itl_ms": 142.30631760025062,
      "concurrency": 59.21446748384036,
      "accept_length": null,
      "max_output_tokens_per_s": 1665.0,
      "max_concurrent_requests": 68
    },
    {
      "tag": null,
      "backend": "sglang",
      "dataset_name": "random",
      "request_rate": Infinity,
      "max_concurrency": 64,
      "sharegpt_output_len": null,
      "random_input_len": 8192,
      "random_output_len": 1024,
      "random_range_ratio": 0.0,
      "server_info": null,
      "duration": 186.12735457300005,
      "completed": 200,
      "total_input_tokens": 817757,
      "total_input_text_tokens": 817757,
      "total_input_vision_tokens": 0,
      "total_output_tokens": 99125,
      "total_output_tokens_retokenized": 98129,
      "request_throughput": 1.0745330822480423,
      "input_throughput": 4393.5347486995615,
      "output_throughput": 532.565458889186,
      "total_throughput": 4926.100207588748,
      "mean_e2e_latency_ms": 55220.24467719998,
      "median_e2e_latency_ms": 55587.00199200007,
      "std_e2e_latency_ms": 33458.85052865075,
      "p90_e2e_latency_ms": 99674.01009640003,
      "p99_e2e_latency_ms": 129796.41867047013,
      "mean_ttft_ms": 3210.1286864499957,
      "median_ttft_ms": 749.7438735001651,
      "std_ttft_ms": 3899.011719907394,
      "p99_ttft_ms": 13117.099335660108,
      "mean_tpot_ms": 105.61762221257003,
      "median_tpot_ms": 123.69298638040877,
      "std_tpot_ms": 32.68407215308511,
      "p99_tpot_ms": 127.55235440874499,
      "mean_itl_ms": 105.15006733072529,
      "median_itl_ms": 120.0463669997589,
      "std_itl_ms": 42.92298844931446,
      "p95_itl_ms": 138.65739539987771,
      "p99_itl_ms": 142.70373712011857,
      "concurrency": 59.33597971548275,
      "accept_length": null,
      "max_output_tokens_per_s": 1654.0,
      "max_concurrent_requests": 68
    }
  ],
  "mean": {
    "mean_ttft_ms": 3329.6760241599973,
    "median_ttft_ms": 745.7296648334099,
    "p99_ttft_ms": 13496.760322579952,
    "mean_itl_ms": 103.91827931308232,
    "median_itl_ms": 118.73240833316838,
    "p99_itl_ms": 142.52670246683311,
    "mean_e2e_latency_ms": 54730.537411391655,
    "median_e2e_latency_ms": 55300.25236000006,
    "p99_e2e_latency_ms": 125808.0822666466,
    "input_throughput": 4428.8333916550055,
    "output_throughput": 536.8442091572464,
    "total_throughput": 4965.6776008122515,
    "request_throughput": 1.0831661218809512,
    "duration": 184.64978573566668,
    "completed": 200
  },
  "baseline_s2_mc": {
    "mean_ttft_ms": 2260.81,
    "median_ttft_ms": 749.1,
    "p99_ttft_ms": 9387.02,
    "mean_itl_ms": 104.9,
    "median_itl_ms": 116.41,
    "p99_itl_ms": 136.7,
    "mean_e2e_latency_ms": 54147.7,
    "median_e2e_latency_ms": null,
    "p99_e2e_latency_ms": null,
    "input_throughput": 4478.74,
    "output_throughput": 542.89,
    "total_throughput": null,
    "request_throughput": 1.1,
    "duration": null,
    "completed": 200.0
  }
}